clip_id,target_id,frame,x,y,z,toddler looking at face,toddler looking at object,toddler making eye contact,toddler looking away,toddler following gaze,toddler playing alone,toddlers playing together,toddler showing object,toddler smiling,toddler crying,toddler frowning,toddler surprised,toddler neutral face,toddler happy face,moving object,moving person,bright object,dark object,hand reaching,face close-up,body close-up,object close-up,single toddler center,voice off-screen
335.000000,1.000000,2.000000,5.232714,8.226894,1.507582,0.233239,0.229899,0.228152,0.228115,0.231133,0.247075,0.255484,0.232974,0.229056,0.222460,0.225789,0.232454,0.187398,0.218276,0.194335,0.178010,0.176454,0.176907,0.200582,0.146166,0.154018,0.187097,0.240659,0.192854
335.000000,1.000000,32.000000,8.181390,7.934660,2.051054,0.241048,0.224366,0.236161,0.243169,0.244562,0.215739,0.236065,0.216849,0.197716,0.201389,0.198802,0.208001,0.195664,0.200831,0.167619,0.172422,0.137136,0.135476,0.162291,0.135253,0.134541,0.145143,0.237513,0.179260
335.000000,11.000000,101.000000,0.630431,8.026992,3.494363,0.182260,0.197161,0.167559,0.178626,0.176922,0.178001,0.178677,0.192426,0.175367,0.170177,0.182157,0.166060,0.143624,0.160278,0.207129,0.181251,0.187810,0.195429,0.198024,0.164756,0.193912,0.208909,0.176288,0.166261
335.000000,12.000000,116.000000,10.675200,5.936499,4.485282,0.266633,0.255054,0.248091,0.275622,0.256402,0.211827,0.225896,0.248158,0.233790,0.245185,0.241902,0.246850,0.232033,0.235179,0.177267,0.182730,0.160426,0.163460,0.182111,0.157202,0.154189,0.170192,0.253946,0.171400
335.000000,12.000000,146.000000,9.564445,8.210270,2.810069,0.225114,0.233334,0.234199,0.225172,0.234958,0.228252,0.222711,0.240041,0.192214,0.207448,0.196100,0.224650,0.187303,0.204528,0.175736,0.184109,0.130205,0.131107,0.185871,0.115296,0.116960,0.138461,0.241703,0.163387
335.000000,14.000000,125.000000,2.801178,7.773845,2.267530,0.205904,0.213390,0.184973,0.209167,0.205065,0.207370,0.197878,0.203527,0.185097,0.183464,0.200697,0.200611,0.174807,0.173174,0.209363,0.202449,0.179685,0.185203,0.198891,0.154295,0.173277,0.196907,0.211235,0.190855
335.000000,14.000000,155.000000,2.858029,7.668867,2.443564,0.206403,0.212159,0.191202,0.191026,0.188761,0.190696,0.206123,0.227267,0.183474,0.198333,0.186542,0.183157,0.157586,0.172016,0.202828,0.201694,0.174032,0.187177,0.228252,0.145511,0.175086,0.193736,0.208776,0.194575
335.000000,16.000000,154.000000,4.109845,8.654891,1.775396,0.185474,0.181561,0.188585,0.173422,0.175915,0.211845,0.203013,0.176456,0.175961,0.194245,0.183736,0.202135,0.154471,0.177119,0.178967,0.181694,0.158013,0.155003,0.175501,0.156205,0.180525,0.179284,0.200327,0.188922
335.000000,16.000000,184.000000,4.611617,8.469061,1.212023,0.210318,0.178881,0.206818,0.184655,0.185876,0.203814,0.201449,0.190708,0.176667,0.194334,0.187526,0.200301,0.165043,0.172672,0.163524,0.172115,0.137391,0.143435,0.168808,0.157666,0.172862,0.169559,0.205393,0.172102
335.000000,16.000000,214.000000,4.275504,8.668399,1.799890,0.183674,0.175148,0.187517,0.159603,0.161856,0.210450,0.196155,0.177731,0.158751,0.188263,0.183606,0.198115,0.153265,0.177390,0.184937,0.180828,0.140362,0.143979,0.145579,0.129287,0.146495,0.168402,0.200129,0.195629
335.000000,16.000000,244.000000,6.008995,8.504191,2.410918,0.210223,0.218434,0.211500,0.205381,0.208696,0.232536,0.228948,0.235140,0.182151,0.186038,0.182009,0.202034,0.160992,0.175573,0.203160,0.183666,0.161276,0.168485,0.189815,0.122736,0.133989,0.178668,0.231959,0.181071
335.000000,16.000000,274.000000,6.095176,8.399726,2.413465,0.230184,0.235514,0.220362,0.228159,0.215956,0.224907,0.224667,0.253110,0.195207,0.201417,0.188839,0.213044,0.166146,0.183704,0.197506,0.164918,0.166647,0.176836,0.205633,0.143099,0.155306,0.199146,0.235461,0.191830
335.000000,16.000000,304.000000,8.476489,8.574221,2.671611,0.224169,0.234057,0.234746,0.206529,0.214165,0.227058,0.227103,0.247660,0.188924,0.209290,0.199196,0.222529,0.171719,0.191346,0.202126,0.159797,0.149322,0.157827,0.185217,0.123936,0.115671,0.174736,0.226811,0.180011
335.000000,16.000000,334.000000,8.248703,8.592503,2.610445,0.232864,0.238896,0.236394,0.220795,0.229661,0.235565,0.235696,0.251571,0.193001,0.207799,0.198681,0.222766,0.181893,0.193503,0.209592,0.181361,0.159032,0.161283,0.195653,0.131447,0.138549,0.181860,0.235491,0.194227
335.000000,16.000000,364.000000,4.720839,8.421210,1.183593,0.219299,0.208205,0.208524,0.195792,0.206902,0.223308,0.225064,0.207884,0.191704,0.206534,0.194492,0.210824,0.173430,0.191966,0.186078,0.168472,0.164592,0.167425,0.173017,0.157077,0.169096,0.202142,0.226341,0.179754
335.000000,16.000000,394.000000,4.669349,8.466925,1.147228,0.231571,0.222333,0.226176,0.206362,0.209695,0.226204,0.227831,0.216568,0.191604,0.202191,0.191984,0.226006,0.185819,0.199608,0.199493,0.176755,0.165266,0.174356,0.184273,0.185296,0.177892,0.210494,0.231574,0.200286
335.000000,16.000000,424.000000,4.698968,8.462792,1.142622,0.244831,0.221440,0.237342,0.219092,0.230823,0.228372,0.237042,0.222361,0.199721,0.211730,0.204947,0.223385,0.182969,0.209826,0.188341,0.168853,0.160308,0.162965,0.189770,0.177742,0.175585,0.207795,0.242549,0.183761
335.000000,16.000000,454.000000,7.395709,7.910986,1.706534,0.223166,0.214237,0.216599,0.216138,0.215482,0.205746,0.226284,0.211163,0.193580,0.202157,0.196030,0.205892,0.178240,0.190612,0.170201,0.159736,0.143276,0.151253,0.162729,0.132666,0.139196,0.170127,0.231055,0.170307
335.000000,17.000000,212.000000,8.903202,5.881284,3.619948,0.289182,0.278232,0.274054,0.271327,0.277128,0.254467,0.237824,0.272360,0.238690,0.249298,0.264623,0.267103,0.239022,0.238093,0.197040,0.199332,0.175323,0.176577,0.197331,0.188262,0.163150,0.179741,0.228074,0.207241
335.000000,18.000000,247.000000,1.904438,9.463129,2.838939,0.196842,0.195931,0.180413,0.190873,0.173789,0.211058,0.196538,0.181310,0.191712,0.196564,0.200453,0.195532,0.172800,0.175586,0.199326,0.187800,0.187790,0.195492,0.197841,0.178052,0.205740,0.225499,0.208613,0.205669
335.000000,18.000000,277.000000,4.512455,8.576798,1.456082,0.211777,0.201512,0.216236,0.205139,0.207691,0.232163,0.219645,0.195183,0.200897,0.201730,0.209273,0.215138,0.171259,0.193582,0.196347,0.198843,0.162639,0.175181,0.180797,0.152756,0.178215,0.188452,0.218194,0.188535
335.000000,19.000000,264.000000,7.361841,5.520964,2.394992,0.251480,0.249735,0.244449,0.239117,0.245492,0.229528,0.240082,0.257470,0.228290,0.238229,0.231653,0.250221,0.214200,0.216693,0.191561,0.188198,0.181536,0.178982,0.201881,0.168823,0.172658,0.171810,0.220491,0.208357
335.000000,19.000000,294.000000,9.720817,8.067703,3.141235,0.278209,0.278038,0.264116,0.296622,0.279113,0.245916,0.236994,0.282673,0.246079,0.251314,0.252284,0.253620,0.239199,0.238748,0.186711,0.190617,0.168214,0.163042,0.199140,0.146320,0.156425,0.163322,0.235530,0.201684
335.000000,2.000000,111.000000,9.222683,8.196933,2.882832,0.239873,0.236006,0.237765,0.238739,0.230396,0.239587,0.236688,0.235580,0.200721,0.208509,0.213902,0.231069,0.189157,0.210067,0.153907,0.151040,0.144745,0.138765,0.153231,0.105004,0.106879,0.131047,0.256052,0.174728
335.000000,2.000000,51.000000,4.126503,8.657839,1.753337,0.184088,0.181989,0.195630,0.182851,0.183255,0.202477,0.201327,0.175269,0.175438,0.186382,0.184689,0.187731,0.148520,0.172379,0.182524,0.186054,0.156454,0.167036,0.169148,0.146453,0.169340,0.174584,0.196922,0.192110
335.000000,2.000000,81.000000,9.326495,8.357079,2.786660,0.224227,0.222048,0.229800,0.219485,0.223493,0.224695,0.215284,0.222575,0.200727,0.210384,0.212404,0.224173,0.186393,0.212055,0.165666,0.174805,0.149791,0.149530,0.172245,0.112175,0.113775,0.143199,0.227388,0.192008
335.000000,20.000000,283.000000,4.459407,8.452087,1.382480,0.201883,0.195492,0.200323,0.200761,0.191510,0.212698,0.201541,0.188239,0.192795,0.194884,0.194868,0.206057,0.176936,0.186834,0.177650,0.185011,0.166439,0.173756,0.167965,0.147412,0.165749,0.185698,0.218491,0.186531
335.000000,20.000000,313.000000,5.115837,8.290627,1.499065,0.206616,0.210180,0.207943,0.201511,0.197345,0.220043,0.220492,0.206175,0.190406,0.201423,0.200638,0.207928,0.178548,0.193196,0.180970,0.175747,0.164018,0.172140,0.168154,0.127320,0.148035,0.174000,0.230127,0.179962
335.000000,23.000000,342.000000,1.755576,9.538545,2.737788,0.153864,0.148234,0.143663,0.143082,0.134615,0.163681,0.168296,0.140638,0.146725,0.161949,0.159193,0.163171,0.136166,0.130145,0.173165,0.162963,0.163248,0.169934,0.159804,0.123867,0.171155,0.190049,0.188101,0.175432
335.000000,24.000000,356.000000,4.594916,8.286985,1.562328,0.214440,0.213946,0.200395,0.207877,0.203104,0.221968,0.220236,0.207723,0.191866,0.191452,0.194364,0.204958,0.181996,0.182669,0.200512,0.185064,0.171965,0.185617,0.178588,0.129653,0.156489,0.199574,0.223242,0.188870
335.000000,24.000000,386.000000,1.982544,9.584473,2.661589,0.181500,0.177954,0.180903,0.170742,0.165514,0.204336,0.200956,0.170468,0.182761,0.195771,0.181916,0.189429,0.171516,0.161443,0.198668,0.188456,0.185562,0.188126,0.183798,0.158870,0.185788,0.208250,0.201411,0.194173
335.000000,25.000000,362.000000,12.203879,7.921249,3.628923,0.247363,0.234476,0.240327,0.227711,0.232612,0.214322,0.212933,0.244621,0.201119,0.238460,0.217436,0.221696,0.194472,0.202029,0.161274,0.148176,0.134155,0.146546,0.163695,0.151263,0.131165,0.164443,0.232951,0.180552
335.000000,25.000000,392.000000,12.325135,8.005095,3.650572,0.239279,0.232681,0.237496,0.214312,0.218975,0.216538,0.209840,0.241650,0.201593,0.223999,0.200993,0.213045,0.188323,0.199683,0.145466,0.137787,0.117356,0.134173,0.168088,0.128154,0.119671,0.152476,0.212077,0.171100
335.000000,25.000000,422.000000,12.416191,8.052387,3.657204,0.240579,0.223642,0.237126,0.206325,0.215006,0.208963,0.199623,0.236112,0.195630,0.253180,0.211757,0.213871,0.195658,0.199222,0.142989,0.135353,0.116639,0.122283,0.163569,0.142867,0.124240,0.150253,0.211424,0.173166
335.000000,25.000000,452.000000,12.368259,8.017813,3.655416,0.248308,0.230960,0.233389,0.217573,0.221367,0.212178,0.208087,0.248865,0.203249,0.249162,0.218091,0.219248,0.201354,0.209585,0.152741,0.143328,0.126117,0.143798,0.163911,0.134161,0.128495,0.155264,0.216155,0.171603
335.000000,25.000000,482.000000,12.284971,7.932494,3.672292,0.247593,0.234011,0.243826,0.214767,0.219621,0.216832,0.217416,0.241828,0.209410,0.246570,0.215864,0.235732,0.190935,0.210737,0.154270,0.144012,0.128532,0.140560,0.172163,0.145557,0.133101,0.158928,0.218560,0.188603
335.000000,25.000000,512.000000,12.387957,8.020999,3.675899,0.238540,0.225222,0.237318,0.202951,0.210569,0.217144,0.211835,0.239038,0.198844,0.249185,0.210013,0.225626,0.193670,0.204812,0.140462,0.129204,0.115294,0.127816,0.156140,0.130580,0.117063,0.142072,0.218214,0.172530
335.000000,25.000000,542.000000,12.345934,7.983978,3.669736,0.236128,0.221825,0.239682,0.204568,0.209663,0.209896,0.210229,0.242558,0.194891,0.248165,0.206916,0.222659,0.185512,0.201977,0.143566,0.140352,0.119110,0.126848,0.164048,0.130275,0.122113,0.141654,0.221103,0.175926
335.000000,28.000000,407.000000,2.884960,7.689927,2.290663,0.208753,0.207550,0.184550,0.213566,0.204360,0.225792,0.203873,0.210669,0.205418,0.194845,0.209868,0.189441,0.170737,0.185699,0.188283,0.191733,0.175171,0.171738,0.203109,0.162112,0.174346,0.191678,0.225726,0.185255
335.000000,29.000000,412.000000,11.015622,6.547281,4.183463,0.263777,0.249645,0.257026,0.245707,0.244339,0.213809,0.234922,0.237543,0.220503,0.230268,0.227445,0.239379,0.214030,0.219319,0.168197,0.167985,0.152027,0.156796,0.177608,0.162587,0.145437,0.158945,0.234309,0.188010
335.000000,29.000000,442.000000,9.555622,8.168180,3.043753,0.247862,0.260753,0.243887,0.246820,0.249951,0.220222,0.230201,0.253081,0.210600,0.223782,0.223181,0.232937,0.206222,0.204636,0.174576,0.165978,0.147499,0.156810,0.177735,0.136042,0.133118,0.163896,0.234268,0.188575
335.000000,3.000000,59.000000,1.633074,9.255536,3.325824,0.195882,0.200807,0.182690,0.179087,0.179528,0.204310,0.199966,0.197640,0.185642,0.188930,0.181473,0.197678,0.180813,0.183224,0.210814,0.208840,0.187157,0.192861,0.184692,0.174100,0.185361,0.207534,0.185905,0.207661
335.000000,30.000000,418.000000,2.420151,9.556971,2.372712,0.194696,0.190111,0.182551,0.190957,0.176460,0.208680,0.208342,0.181831,0.187500,0.196201,0.192052,0.195269,0.170587,0.175266,0.181857,0.181281,0.175527,0.182001,0.174079,0.141167,0.185200,0.201935,0.221346,0.186596
335.000000,32.000000,427.000000,1.974974,9.630168,2.628796,0.168843,0.168003,0.176885,0.154082,0.154420,0.192784,0.184802,0.159937,0.164935,0.180094,0.170347,0.178466,0.142986,0.142019,0.190016,0.186185,0.166620,0.174580,0.178306,0.151838,0.179037,0.191526,0.197533,0.193911
335.000000,32.000000,457.000000,1.839605,9.389040,3.063763,0.186701,0.190796,0.167505,0.179270,0.165284,0.198268,0.182234,0.176777,0.183395,0.190760,0.188837,0.188222,0.180342,0.168608,0.189319,0.188161,0.169874,0.184338,0.188599,0.152008,0.178884,0.197132,0.182316,0.198669
335.000000,35.000000,461.000000,7.726387,8.172438,1.274044,0.252238,0.234869,0.258423,0.235579,0.253226,0.226666,0.229802,0.223311,0.220326,0.221060,0.219608,0.238691,0.201522,0.222656,0.201703,0.187202,0.166069,0.168810,0.172965,0.173429,0.167138,0.205917,0.240351,0.181444
335.000000,4.000000,68.000000,4.745380,8.331100,1.315643,0.214759,0.221956,0.204452,0.222879,0.209712,0.232534,0.225747,0.209505,0.209502,0.215861,0.207329,0.220064,0.183928,0.193044,0.194136,0.178097,0.160501,0.168143,0.166257,0.158662,0.178897,0.205139,0.226749,0.201591
335.000000,4.000000,98.000000,4.605455,8.522573,1.545930,0.230276,0.226462,0.220029,0.228903,0.236031,0.245355,0.231694,0.215987,0.217079,0.217974,0.221235,0.221569,0.190256,0.208317,0.198165,0.209417,0.172757,0.176245,0.193950,0.157418,0.180857,0.182156,0.230637,0.199336
335.000000,40.000000,472.000000,4.619316,8.446535,1.225587,0.216617,0.199394,0.213983,0.201306,0.198612,0.204196,0.204960,0.186273,0.194762,0.193733,0.192513,0.209197,0.174480,0.193048,0.176530,0.180558,0.155331,0.159660,0.157591,0.146772,0.170019,0.190786,0.223655,0.176323
335.000000,41.000000,474.000000,1.532654,9.413106,2.843491,0.174608,0.179685,0.157694,0.164135,0.149333,0.174807,0.168256,0.171412,0.164122,0.173423,0.172956,0.169027,0.159825,0.147521,0.199828,0.172067,0.186015,0.195681,0.182272,0.148293,0.182077,0.209026,0.195820,0.197591
335.000000,42.000000,477.000000,5.080172,6.078319,3.552694,0.221669,0.210601,0.196724,0.231013,0.214754,0.215160,0.205245,0.217107,0.214230,0.205958,0.217701,0.195112,0.193323,0.194444,0.170672,0.179013,0.170311,0.159832,0.197355,0.158230,0.175369,0.176514,0.218945,0.182808
335.000000,43.000000,481.000000,2.340792,9.578657,2.414225,0.152778,0.150922,0.142995,0.148237,0.137584,0.173897,0.175714,0.138293,0.154054,0.159059,0.162732,0.152655,0.135845,0.138327,0.156536,0.139462,0.150050,0.157897,0.140891,0.109155,0.151817,0.182583,0.194725,0.149639
335.000000,44.000000,488.000000,7.726191,8.160118,1.299855,0.252447,0.232637,0.252433,0.234229,0.250558,0.226867,0.230385,0.221627,0.214294,0.219170,0.214640,0.236195,0.199853,0.220953,0.202748,0.191491,0.163476,0.168763,0.167551,0.170970,0.164836,0.200656,0.246963,0.180561
335.000000,44.000000,518.000000,7.737072,8.156190,1.295114,0.245604,0.218013,0.243076,0.229115,0.239260,0.224248,0.217442,0.213885,0.209367,0.217708,0.217185,0.235351,0.197478,0.221315,0.181248,0.175349,0.157257,0.160399,0.167917,0.166856,0.165011,0.191237,0.235546,0.176515
335.000000,44.000000,548.000000,7.760191,7.945453,1.748723,0.249274,0.228135,0.243994,0.238348,0.238748,0.228301,0.242242,0.225677,0.213326,0.225651,0.220893,0.228797,0.197758,0.217537,0.185392,0.179756,0.150345,0.160159,0.184882,0.155468,0.150390,0.175130,0.246157,0.183773
335.000000,44.000000,578.000000,7.737546,8.152267,1.295231,0.259571,0.239223,0.248025,0.237669,0.243905,0.223545,0.212242,0.232235,0.222761,0.232492,0.233344,0.241247,0.215212,0.235208,0.189682,0.178622,0.171751,0.183107,0.179035,0.172316,0.160701,0.197364,0.239164,0.195953
335.000000,45.000000,489.000000,1.987576,9.450665,2.844625,0.183291,0.183089,0.164541,0.181408,0.169488,0.179263,0.174526,0.166882,0.175876,0.186489,0.186409,0.178099,0.178682,0.160664,0.187928,0.191759,0.176940,0.180348,0.173275,0.152939,0.173471,0.203953,0.204414,0.178044
335.000000,45.000000,519.000000,2.578250,9.512964,2.287211,0.180341,0.192931,0.183100,0.179280,0.172242,0.211078,0.204827,0.174041,0.178786,0.185176,0.187106,0.179515,0.152446,0.166840,0.186634,0.175343,0.163772,0.175278,0.165432,0.119836,0.154442,0.180819,0.211406,0.180299
335.000000,45.000000,549.000000,2.083072,9.588285,2.570135,0.181220,0.185886,0.188182,0.178497,0.164251,0.227531,0.216941,0.177459,0.188286,0.196245,0.187258,0.196815,0.164170,0.166086,0.195117,0.178167,0.176411,0.184304,0.179819,0.160642,0.184801,0.205130,0.203852,0.195432
335.000000,45.000000,579.000000,11.080950,6.584777,4.211002,0.285761,0.266942,0.269116,0.279218,0.271004,0.233678,0.235731,0.258937,0.238605,0.244407,0.251906,0.250973,0.241644,0.238281,0.176906,0.184159,0.160841,0.157015,0.180083,0.162130,0.153474,0.160142,0.245164,0.198478
335.000000,45.000000,609.000000,11.966803,7.196743,4.269846,0.266422,0.244139,0.269677,0.248023,0.253797,0.213093,0.213432,0.229698,0.212782,0.217348,0.224648,0.230350,0.214784,0.218653,0.149405,0.155582,0.129932,0.137405,0.161319,0.136972,0.114211,0.133290,0.212443,0.184487
335.000000,46.000000,489.000000,7.622103,5.449429,2.512760,0.244709,0.243215,0.240749,0.236001,0.233677,0.215107,0.230888,0.241913,0.211545,0.229266,0.215572,0.232719,0.198955,0.207926,0.174294,0.175152,0.155067,0.168140,0.186767,0.158637,0.161586,0.166489,0.214722,0.195950
335.000000,46.000000,519.000000,11.978549,7.201499,4.270161,0.258243,0.240632,0.256915,0.241980,0.245213,0.218950,0.233201,0.237797,0.215124,0.218878,0.217457,0.236654,0.203632,0.219981,0.136321,0.141978,0.128193,0.132106,0.155928,0.119786,0.112647,0.126559,0.218263,0.175191
335.000000,46.000000,549.000000,9.573217,8.183699,2.944461,0.257957,0.262890,0.255467,0.266900,0.267047,0.243329,0.233123,0.272033,0.222623,0.228644,0.229658,0.248376,0.211543,0.216096,0.182079,0.176988,0.153704,0.157597,0.196262,0.132747,0.138250,0.159516,0.251112,0.192591
335.000000,50.000000,561.000000,5.619962,8.074089,2.154150,0.234216,0.230422,0.229810,0.222189,0.237112,0.228449,0.234672,0.251417,0.210666,0.217975,0.212072,0.226403,0.202764,0.206914,0.217927,0.219686,0.184683,0.187197,0.230301,0.149598,0.180515,0.194256,0.235223,0.203498
335.000000,50.000000,591.000000,7.728755,8.133967,1.324959,0.239966,0.218772,0.229054,0.218990,0.230062,0.213690,0.207923,0.215013,0.199317,0.219029,0.222876,0.215570,0.192408,0.212136,0.176782,0.163446,0.150094,0.158573,0.157139,0.147436,0.144660,0.184100,0.238352,0.174889
335.000000,50.000000,621.000000,5.078107,8.523262,1.412156,0.210527,0.205034,0.205964,0.191677,0.199884,0.231019,0.238075,0.182231,0.188749,0.201506,0.187915,0.195689,0.166536,0.191434,0.183851,0.178807,0.148829,0.150230,0.143321,0.137102,0.145654,0.176468,0.226991,0.171733
335.000000,50.000000,651.000000,4.927285,8.691834,1.540729,0.218894,0.206969,0.214337,0.194518,0.207300,0.235970,0.237925,0.226512,0.200965,0.214478,0.205982,0.220483,0.177899,0.211370,0.202248,0.204557,0.160848,0.169487,0.196493,0.143219,0.163777,0.183332,0.231435,0.191717
335.000000,50.000000,681.000000,6.083375,8.444867,2.402095,0.210988,0.220600,0.213929,0.203543,0.214852,0.230527,0.220685,0.236133,0.185050,0.198773,0.185086,0.206310,0.177202,0.182836,0.188708,0.183632,0.154252,0.166382,0.201640,0.119852,0.140569,0.173348,0.225917,0.199911
335.000000,50.000000,711.000000,6.011448,8.514076,2.350068,0.207845,0.211923,0.209316,0.204072,0.209548,0.226019,0.228947,0.226254,0.181157,0.194504,0.186848,0.199412,0.165659,0.174523,0.189321,0.168265,0.158166,0.164444,0.195818,0.125689,0.139415,0.177201,0.230489,0.188368
335.000000,50.000000,741.000000,6.134953,8.661674,1.607646,0.204648,0.190234,0.204711,0.202126,0.202729,0.217419,0.224497,0.209044,0.175199,0.192312,0.188892,0.196488,0.166553,0.177410,0.172581,0.166215,0.139189,0.147442,0.178139,0.137809,0.143846,0.163406,0.238582,0.172301
335.000000,50.000000,771.000000,8.424430,8.581057,2.636011,0.223552,0.229717,0.226897,0.213020,0.225971,0.234067,0.226977,0.243715,0.187262,0.203010,0.196472,0.207989,0.179832,0.190833,0.190523,0.175515,0.146100,0.156614,0.187698,0.117662,0.131251,0.163418,0.231114,0.172270
335.000000,50.000000,801.000000,9.124292,8.335687,2.929611,0.242052,0.241076,0.242650,0.233681,0.236959,0.252073,0.246146,0.232599,0.209646,0.219296,0.209434,0.229458,0.190988,0.209175,0.179416,0.151342,0.143218,0.150418,0.163683,0.122486,0.111690,0.160903,0.248722,0.173112
335.000000,50.000000,831.000000,8.963940,8.476664,2.878983,0.263106,0.266821,0.262377,0.257340,0.262493,0.262358,0.251631,0.260154,0.224131,0.230773,0.222044,0.245520,0.206825,0.220352,0.203304,0.180962,0.164055,0.169626,0.190287,0.139949,0.132419,0.184760,0.245292,0.198633
335.000000,50.000000,861.000000,5.971949,8.368852,2.361494,0.226241,0.226310,0.226006,0.216555,0.225150,0.222250,0.220989,0.247534,0.191413,0.206976,0.199452,0.207687,0.184299,0.184323,0.196108,0.190256,0.166644,0.173273,0.214472,0.135129,0.159919,0.183558,0.232109,0.204031
335.000000,50.000000,891.000000,10.765304,5.460284,4.932701,0.269011,0.256825,0.261058,0.254919,0.262804,0.203739,0.204913,0.248570,0.233910,0.242477,0.252042,0.242894,0.235558,0.230480,0.168297,0.165951,0.151701,0.155047,0.181874,0.177262,0.148262,0.156562,0.216159,0.183030
335.000000,51.000000,575.000000,12.264218,7.929085,3.652247,0.243887,0.224838,0.235739,0.201397,0.207919,0.214059,0.214936,0.243281,0.199750,0.259143,0.215021,0.229407,0.199567,0.216300,0.156419,0.153905,0.141415,0.140285,0.168604,0.152099,0.141350,0.156312,0.218761,0.194500
335.000000,51.000000,605.000000,12.333435,7.945162,3.725679,0.242284,0.225233,0.236102,0.224098,0.219108,0.218708,0.207522,0.245101,0.209937,0.245231,0.211926,0.217884,0.190058,0.203248,0.138650,0.127865,0.112788,0.134967,0.172441,0.147965,0.139120,0.161629,0.217108,0.190061
335.000000,51.000000,635.000000,9.489438,8.270352,3.191230,0.262631,0.263177,0.256225,0.254856,0.261108,0.241829,0.229514,0.261422,0.241921,0.222363,0.228372,0.248269,0.218078,0.229282,0.175415,0.162584,0.160891,0.165328,0.183793,0.147341,0.127125,0.162544,0.249895,0.202687
335.000000,51.000000,665.000000,11.328159,6.686245,4.286165,0.268753,0.266748,0.265081,0.266664,0.271920,0.234403,0.218007,0.247191,0.224259,0.222349,0.247905,0.254908,0.227733,0.236393,0.169261,0.169110,0.149357,0.161249,0.175568,0.146119,0.125769,0.162108,0.244441,0.191988
335.000000,51.000000,695.000000,11.219222,6.578546,4.304944,0.275102,0.275424,0.275353,0.282533,0.279730,0.236052,0.226963,0.261365,0.230846,0.231683,0.254560,0.265024,0.243065,0.233299,0.168156,0.171681,0.155850,0.163483,0.184899,0.161186,0.143830,0.162047,0.250218,0.188804
335.000000,51.000000,725.000000,12.299057,7.954223,3.666071,0.231441,0.234089,0.234362,0.216422,0.207539,0.221856,0.220379,0.244625,0.199723,0.233672,0.211931,0.239073,0.180469,0.206105,0.144535,0.138559,0.122657,0.141196,0.168339,0.130138,0.117952,0.153944,0.239665,0.194753
335.000000,51.000000,755.000000,11.991698,7.240258,4.223757,0.255836,0.240896,0.257933,0.251320,0.254807,0.210303,0.216620,0.225985,0.211029,0.223536,0.228617,0.228748,0.205206,0.220422,0.142382,0.150130,0.129479,0.144616,0.170886,0.139788,0.117513,0.153859,0.227098,0.196186
335.000000,51.000000,785.000000,12.155989,7.476460,4.068687,0.259014,0.235474,0.253970,0.244553,0.240490,0.209817,0.219226,0.232118,0.216741,0.235490,0.239900,0.238061,0.209959,0.224650,0.142724,0.146804,0.124442,0.155322,0.171908,0.156905,0.133166,0.160340,0.236333,0.196738
335.000000,51.000000,815.000000,11.979243,7.210798,4.248985,0.278562,0.254317,0.265761,0.255067,0.263932,0.235790,0.237521,0.245439,0.231493,0.238910,0.246989,0.251695,0.222731,0.232278,0.149707,0.150772,0.140909,0.152129,0.179637,0.155162,0.126088,0.151363,0.235438,0.192999
335.000000,51.000000,845.000000,12.138260,7.433420,4.099631,0.257001,0.234057,0.250294,0.236576,0.237824,0.218447,0.240203,0.217686,0.215750,0.236631,0.254269,0.233144,0.213711,0.218181,0.150490,0.150042,0.135933,0.154708,0.167951,0.153772,0.127484,0.156067,0.237235,0.193426
335.000000,52.000000,586.000000,5.113897,6.013042,3.631002,0.193661,0.210683,0.181607,0.221392,0.203685,0.196673,0.167690,0.190650,0.213933,0.200354,0.225081,0.180538,0.191275,0.180416,0.165111,0.175964,0.163295,0.167898,0.184899,0.152247,0.179348,0.169514,0.192785,0.184113
335.000000,53.000000,723.000000,2.613384,5.976425,4.822265,0.215185,0.196852,0.200299,0.200673,0.210061,0.159093,0.169208,0.182911,0.187545,0.187922,0.193833,0.184083,0.174622,0.172237,0.175513,0.188101,0.162618,0.166463,0.180576,0.181696,0.176036,0.178308,0.192919,0.197761
335.000000,54.000000,801.000000,11.102004,6.593946,4.217868,0.265575,0.250241,0.244389,0.242291,0.245240,0.216406,0.222330,0.240505,0.220979,0.237701,0.222065,0.242397,0.223951,0.222987,0.164132,0.167299,0.145068,0.146298,0.171484,0.158587,0.135144,0.153662,0.218197,0.182168
335.000000,55.000000,837.000000,11.251036,6.665287,4.262610,0.264871,0.254055,0.248821,0.251026,0.261253,0.218473,0.219818,0.242869,0.215565,0.230774,0.229640,0.239851,0.222630,0.216971,0.164072,0.158377,0.138667,0.150006,0.171045,0.158480,0.129739,0.156014,0.224367,0.192757
335.000000,56.000000,876.000000,8.519193,8.543721,2.663734,0.207592,0.233736,0.220470,0.212925,0.214749,0.245976,0.233409,0.242584,0.184569,0.200441,0.185114,0.207329,0.170412,0.176436,0.193784,0.163010,0.153924,0.158237,0.189651,0.090514,0.107598,0.162793,0.230653,0.172862
335.000000,58.000000,884.000000,2.109285,7.224816,2.847632,0.205034,0.206443,0.185812,0.183616,0.169515,0.162969,0.169325,0.233525,0.170502,0.198470,0.185037,0.183052,0.155615,0.162822,0.163368,0.152109,0.140286,0.159455,0.189508,0.157475,0.172495,0.194115,0.189858,0.180428
335.000000,59.000000,888.000000,2.181632,6.992421,4.196651,0.212858,0.211931,0.193429,0.199514,0.189704,0.172466,0.197532,0.215915,0.189810,0.203962,0.199344,0.186242,0.163894,0.184606,0.180231,0.181329,0.168534,0.174395,0.203710,0.179169,0.192209,0.204960,0.176504,0.173938
335.000000,6.000000,78.000000,2.960638,7.787098,2.259065,0.195275,0.203707,0.173945,0.188981,0.190133,0.206893,0.195940,0.217612,0.173897,0.176608,0.176754,0.178726,0.156753,0.155704,0.211670,0.204940,0.167851,0.182829,0.202384,0.138129,0.165069,0.197350,0.215614,0.189735
335.000000,60.000000,896.000000,9.584435,4.758355,5.077886,0.242068,0.230796,0.237013,0.228636,0.246471,0.175870,0.169147,0.216591,0.205185,0.220353,0.236133,0.213511,0.204287,0.204271,0.150521,0.158481,0.147132,0.151629,0.153897,0.179334,0.145109,0.154311,0.198767,0.169657
335.000000,60.000000,926.000000,10.880442,5.456043,4.952951,0.240473,0.240770,0.245039,0.246811,0.248890,0.200046,0.185930,0.228235,0.211987,0.226712,0.252297,0.228600,0.222860,0.215691,0.152351,0.155284,0.138835,0.156466,0.160700,0.156065,0.127415,0.142567,0.217196,0.173538
335.000000,60.000000,956.000000,10.873493,5.482528,4.935645,0.244737,0.249348,0.252550,0.244454,0.255767,0.208232,0.200113,0.232796,0.218362,0.232037,0.247604,0.233105,0.226978,0.217167,0.159499,0.153870,0.140910,0.154494,0.161151,0.154229,0.123855,0.141797,0.215034,0.175199
335.000000,60.000000,986.000000,0.182295,8.389475,4.825109,0.188603,0.182101,0.174215,0.177809,0.181903,0.171768,0.171319,0.170247,0.176178,0.184799,0.185768,0.172098,0.153729,0.169951,0.196079,0.219541,0.177690,0.181588,0.201085,0.174101,0.192290,0.186410,0.162326,0.190482
335.000000,61.000000,1013.000000,10.629396,5.805380,4.603027,0.245163,0.240630,0.246509,0.240163,0.252033,0.217994,0.230411,0.221343,0.205741,0.235871,0.240579,0.219514,0.208377,0.209158,0.152690,0.168611,0.127638,0.144266,0.160580,0.164170,0.151462,0.166534,0.215333,0.173819
335.000000,61.000000,1043.000000,12.251842,7.710654,3.891293,0.235362,0.225712,0.230123,0.224236,0.219035,0.204940,0.207516,0.221194,0.198944,0.228664,0.221180,0.225550,0.185264,0.201067,0.125068,0.130988,0.111966,0.131671,0.151003,0.148627,0.135265,0.146156,0.225844,0.174981
335.000000,61.000000,1073.000000,8.871264,4.814162,4.715183,0.250729,0.243578,0.252609,0.223999,0.242575,0.204044,0.203097,0.238007,0.208401,0.243226,0.232979,0.250702,0.206489,0.213761,0.169353,0.174937,0.151949,0.169877,0.174927,0.190999,0.156576,0.175512,0.220376,0.198804
335.000000,61.000000,923.000000,5.551001,6.111736,3.266134,0.221984,0.201641,0.203757,0.205020,0.181531,0.185573,0.207578,0.224221,0.184814,0.215871,0.198965,0.189115,0.166672,0.174558,0.167335,0.162115,0.146454,0.170376,0.203566,0.165733,0.170282,0.196521,0.200990,0.194876
335.000000,61.000000,953.000000,8.565854,5.110643,3.031188,0.250205,0.246988,0.236987,0.243249,0.239236,0.198512,0.193253,0.248043,0.204877,0.216232,0.208503,0.227953,0.182881,0.198787,0.151340,0.152619,0.134839,0.155418,0.178872,0.169844,0.149321,0.187789,0.209602,0.201434
335.000000,61.000000,983.000000,9.803809,5.011453,4.924632,0.234855,0.223179,0.232073,0.230651,0.244394,0.196494,0.193139,0.200187,0.198814,0.236245,0.244397,0.207812,0.187021,0.202605,0.143972,0.168374,0.128047,0.146202,0.150753,0.170318,0.146790,0.156469,0.193958,0.177773
335.000000,63.000000,1034.000000,0.568145,7.029242,3.520881,0.205086,0.196679,0.174288,0.177165,0.159504,0.171983,0.180537,0.209463,0.169920,0.209788,0.180959,0.183883,0.166226,0.172846,0.173480,0.171212,0.163541,0.176084,0.214869,0.180876,0.190968,0.204965,0.184492,0.196052
335.000000,64.000000,1068.000000,12.099687,7.820929,3.605891,0.250172,0.231215,0.226929,0.212267,0.212190,0.213367,0.208989,0.248843,0.202334,0.246777,0.211923,0.228867,0.198722,0.212490,0.160908,0.150782,0.149543,0.156263,0.175260,0.154526,0.147313,0.165049,0.236260,0.208621
335.000000,66.000000,1092.000000,7.977807,4.177703,3.361175,0.244193,0.230789,0.214530,0.203264,0.198169,0.186703,0.196041,0.256528,0.182655,0.239884,0.208701,0.215843,0.192492,0.194226,0.160658,0.147877,0.147123,0.149991,0.183238,0.160887,0.163909,0.175883,0.211462,0.191820
335.000000,66.000000,1122.000000,8.894378,5.700109,3.572470,0.258288,0.240382,0.241783,0.250108,0.254705,0.212066,0.220476,0.236344,0.219735,0.211458,0.219375,0.224183,0.207522,0.218409,0.174721,0.177984,0.149932,0.150300,0.182355,0.179104,0.156974,0.171455,0.235147,0.189703
335.000000,66.000000,1152.000000,8.705673,8.378747,2.690476,0.204362,0.224999,0.205593,0.205295,0.204804,0.219257,0.217574,0.225841,0.174877,0.190957,0.174895,0.199775,0.173091,0.164011,0.158594,0.142863,0.133146,0.138320,0.162888,0.103380,0.103500,0.146959,0.234924,0.167865
335.000000,67.000000,1163.000000,4.162724,8.651632,1.918432,0.207896,0.217984,0.208726,0.189231,0.196459,0.232707,0.227274,0.223784,0.200536,0.217100,0.192115,0.227032,0.191242,0.200683,0.218429,0.210712,0.187379,0.182329,0.193498,0.149603,0.171051,0.195771,0.244865,0.212912
335.000000,71.000000,1180.000000,6.080182,8.774627,1.610459,0.205601,0.195587,0.208364,0.205126,0.209639,0.241355,0.234590,0.199333,0.187142,0.201521,0.188570,0.207309,0.166037,0.192683,0.173386,0.178597,0.150455,0.147783,0.172750,0.123933,0.146705,0.153644,0.265785,0.172689
335.000000,72.000000,1186.000000,7.908331,8.842059,2.361739,0.249467,0.251726,0.247022,0.245841,0.260293,0.255908,0.246736,0.255146,0.219778,0.220953,0.205912,0.242096,0.197074,0.220906,0.212613,0.217575,0.173007,0.167627,0.188462,0.128053,0.145855,0.166442,0.255756,0.194472
335.000000,72.000000,1216.000000,6.081515,8.779452,1.613190,0.209288,0.193074,0.219300,0.200752,0.219162,0.231713,0.231116,0.201996,0.180908,0.189341,0.183576,0.207351,0.169605,0.189095,0.187675,0.188089,0.152582,0.153806,0.162364,0.128683,0.132471,0.159915,0.257852,0.180903
335.000000,73.000000,1199.000000,7.905190,8.871667,2.314544,0.222288,0.224681,0.222449,0.226464,0.244466,0.251712,0.232795,0.228546,0.191170,0.208985,0.201175,0.230739,0.195705,0.205453,0.191247,0.188341,0.140637,0.142234,0.152845,0.105321,0.115994,0.152193,0.263371,0.175309
335.000000,74.000000,1220.000000,7.243314,5.992160,2.151863,0.215208,0.214608,0.200699,0.224711,0.214370,0.205786,0.198361,0.213530,0.215626,0.201194,0.202229,0.198721,0.181499,0.199422,0.179546,0.194669,0.165573,0.171352,0.200041,0.126563,0.143912,0.152882,0.228950,0.189821
335.000000,74.000000,1250.000000,6.101127,8.300707,1.391875,0.213927,0.231351,0.193700,0.206744,0.190470,0.220149,0.220906,0.234805,0.204821,0.205320,0.196907,0.209193,0.190044,0.188857,0.180143,0.168074,0.164401,0.161690,0.171283,0.132913,0.144724,0.202294,0.242158,0.172903
335.000000,75.000000,1225.000000,4.977211,8.629360,1.470724,0.203520,0.191874,0.199041,0.188709,0.191738,0.240590,0.248210,0.196730,0.188641,0.207427,0.193153,0.209593,0.169419,0.182481,0.191466,0.187598,0.159872,0.166280,0.170753,0.145211,0.169338,0.176664,0.238047,0.189459
335.000000,77.000000,1239.000000,7.044613,5.989134,3.183342,0.254353,0.252678,0.241439,0.243640,0.247537,0.248843,0.243492,0.255599,0.224611,0.241069,0.222376,0.258115,0.224580,0.223495,0.209709,0.204717,0.180433,0.187027,0.197863,0.183003,0.179477,0.194768,0.240285,0.195456
335.000000,79.000000,1241.000000,9.475476,8.273942,2.827622,0.250903,0.250083,0.264313,0.248629,0.248964,0.236997,0.258750,0.248992,0.219191,0.230045,0.229283,0.243661,0.220405,0.219219,0.182413,0.188602,0.158129,0.154334,0.198796,0.135538,0.146204,0.153993,0.233729,0.187343
335.000000,80.000000,1244.000000,10.920153,5.498221,4.931282,0.263869,0.258188,0.256491,0.271620,0.268497,0.238309,0.203477,0.247075,0.237662,0.237937,0.269502,0.251780,0.237758,0.237312,0.178072,0.185104,0.165039,0.167208,0.170044,0.159238,0.151131,0.164683,0.230826,0.184141
335.000000,82.000000,1255.000000,9.570263,8.250569,2.886898,0.256165,0.255646,0.266241,0.242927,0.244253,0.234026,0.254100,0.266564,0.213421,0.237751,0.234356,0.250838,0.218905,0.220504,0.178051,0.168338,0.154812,0.155395,0.199507,0.126503,0.133454,0.149898,0.235879,0.183688
335.000000,82.000000,1285.000000,8.782052,5.970893,3.552578,0.264837,0.253772,0.250575,0.262193,0.264473,0.233798,0.229254,0.243219,0.230687,0.237186,0.239791,0.252921,0.226582,0.230766,0.186914,0.188172,0.159316,0.167301,0.190546,0.176763,0.162288,0.177878,0.227739,0.185934
335.000000,84.000000,1264.000000,9.673532,8.275102,2.795395,0.238869,0.246741,0.249989,0.227645,0.247285,0.229491,0.197440,0.266404,0.213374,0.209350,0.226481,0.233609,0.195142,0.216508,0.175437,0.171375,0.144678,0.151817,0.196953,0.098698,0.117643,0.139492,0.218378,0.178591
335.000000,84.000000,1294.000000,9.651332,8.253162,2.828323,0.239840,0.232417,0.248083,0.238684,0.247902,0.238914,0.207927,0.246169,0.223798,0.219120,0.223360,0.240718,0.210469,0.226683,0.158166,0.170520,0.138626,0.142092,0.190639,0.109892,0.121645,0.128122,0.227011,0.183324
335.000000,84.000000,1324.000000,9.677464,8.071285,3.035909,0.264479,0.270175,0.254219,0.269414,0.259087,0.250050,0.221572,0.273018,0.232387,0.233046,0.240703,0.234209,0.213792,0.221831,0.177001,0.179202,0.143901,0.148324,0.209561,0.151591,0.160369,0.168485,0.228516,0.167019
335.000000,85.000000,1290.000000,8.666254,6.042910,3.491483,0.257201,0.248122,0.248569,0.253920,0.261649,0.232759,0.234744,0.238576,0.221249,0.235232,0.238701,0.249207,0.228351,0.217642,0.195298,0.197039,0.161228,0.176163,0.189940,0.181532,0.165888,0.180629,0.225167,0.180800
335.000000,85.000000,1320.000000,9.502137,8.265182,3.242277,0.278608,0.301657,0.254122,0.274471,0.274019,0.253288,0.225704,0.308071,0.243521,0.238204,0.232983,0.252618,0.250657,0.231090,0.189260,0.158698,0.169323,0.171706,0.213709,0.147006,0.139940,0.179914,0.235705,0.197969
335.000000,85.000000,1350.000000,9.615827,8.117547,2.974565,0.230357,0.238757,0.224390,0.226708,0.237657,0.202020,0.216663,0.238047,0.192352,0.200965,0.204036,0.209094,0.187109,0.197862,0.161720,0.145139,0.138393,0.139974,0.165885,0.116685,0.113852,0.141568,0.234050,0.150156
335.000000,85.000000,1380.000000,6.105661,6.709641,3.051797,0.232077,0.262540,0.218842,0.237934,0.220667,0.221435,0.225668,0.286705,0.221757,0.220841,0.215800,0.220267,0.208689,0.205801,0.196480,0.164644,0.176543,0.189890,0.218399,0.137859,0.175802,0.204741,0.231698,0.188970
335.000000,86.000000,1354.000000,0.122446,8.692556,3.611511,0.154893,0.156608,0.128909,0.146268,0.128617,0.167098,0.154150,0.170763,0.155780,0.167472,0.158426,0.150381,0.122287,0.142911,0.187887,0.176159,0.152340,0.170062,0.201721,0.150484,0.179838,0.213360,0.170941,0.191553
335.000000,86.000000,1384.000000,3.539256,7.866352,2.048521,0.198091,0.213231,0.197405,0.198719,0.193445,0.218051,0.205237,0.244478,0.191687,0.201273,0.197439,0.196704,0.147015,0.181542,0.195376,0.170459,0.161723,0.197506,0.196402,0.131838,0.165811,0.199275,0.213206,0.172710
335.000000,86.000000,1414.000000,8.527313,8.554971,2.626975,0.217123,0.230170,0.225247,0.215099,0.221099,0.235526,0.231703,0.266687,0.207235,0.210612,0.202092,0.227318,0.172528,0.199762,0.199394,0.173189,0.141897,0.157909,0.205713,0.102491,0.111495,0.159726,0.239116,0.152630
335.000000,86.000000,1444.000000,9.579460,8.226702,2.819541,0.224719,0.236106,0.234547,0.215118,0.227437,0.225496,0.193321,0.250241,0.207458,0.198584,0.216004,0.220082,0.185673,0.210211,0.169332,0.153724,0.144221,0.144977,0.207914,0.111469,0.111020,0.143045,0.223933,0.160881
335.000000,86.000000,1474.000000,8.890701,8.082138,2.863228,0.228148,0.246017,0.243012,0.230377,0.233307,0.239421,0.218149,0.260578,0.211928,0.211293,0.213708,0.227028,0.196164,0.214960,0.181273,0.167726,0.148125,0.150567,0.198326,0.140115,0.135193,0.163984,0.239386,0.170108
335.000000,86.000000,1504.000000,9.646130,8.213302,2.872045,0.246836,0.246689,0.238167,0.242684,0.254660,0.222788,0.208979,0.259518,0.209568,0.219369,0.218761,0.234813,0.198273,0.213205,0.168251,0.178164,0.133956,0.133335,0.191574,0.125608,0.123516,0.142677,0.236055,0.168302
335.000000,86.000000,1534.000000,7.121464,4.917847,3.195693,0.260056,0.248986,0.247832,0.224791,0.243670,0.222523,0.223588,0.251096,0.230181,0.239844,0.228502,0.253690,0.225912,0.231547,0.198898,0.206734,0.175939,0.179038,0.192657,0.188576,0.168180,0.178353,0.201307,0.199907
335.000000,86.000000,1564.000000,8.888638,8.174503,2.777543,0.226079,0.242576,0.229298,0.228894,0.229778,0.233043,0.225060,0.260338,0.201403,0.204381,0.201575,0.221392,0.185761,0.191490,0.171876,0.158860,0.136907,0.146627,0.197841,0.131938,0.136043,0.164628,0.248735,0.172276
335.000000,86.000000,1594.000000,10.641249,5.766482,4.611394,0.258296,0.249809,0.248895,0.251187,0.250325,0.207766,0.213829,0.252281,0.223291,0.233158,0.246684,0.244585,0.223263,0.215441,0.163275,0.162381,0.143371,0.156553,0.172049,0.163815,0.147493,0.160388,0.233331,0.177313
335.000000,87.000000,1374.000000,10.831112,5.382446,4.999924,0.226626,0.223239,0.231251,0.207733,0.224607,0.171274,0.167401,0.212672,0.192813,0.221169,0.225865,0.219933,0.203689,0.192019,0.145858,0.147509,0.131696,0.144811,0.142243,0.152371,0.118225,0.134688,0.199857,0.162525
335.000000,87.000000,1404.000000,2.507090,9.300391,2.571862,0.180443,0.192605,0.166828,0.172116,0.172238,0.186970,0.191492,0.204224,0.185318,0.199618,0.165517,0.181247,0.179159,0.163027,0.156846,0.148786,0.151902,0.160212,0.162477,0.134440,0.152654,0.200256,0.210120,0.175943
335.000000,87.000000,1434.000000,2.504856,9.320181,2.551414,0.173877,0.190153,0.167156,0.171632,0.160805,0.194445,0.199611,0.201272,0.184207,0.194570,0.164155,0.184829,0.176123,0.160694,0.161798,0.157918,0.158433,0.156779,0.162897,0.125445,0.158400,0.195581,0.223763,0.182380
335.000000,92.000000,1459.000000,4.767481,6.031137,3.805204,0.193476,0.194055,0.192889,0.189855,0.192197,0.187854,0.164460,0.173339,0.182600,0.191937,0.204754,0.186731,0.157012,0.160824,0.159268,0.192102,0.144874,0.147977,0.168864,0.161730,0.173348,0.163210,0.188928,0.183542
335.000000,93.000000,1519.000000,1.666264,8.710905,3.469054,0.189298,0.183886,0.176357,0.168012,0.167107,0.174427,0.187703,0.164533,0.179113,0.180075,0.181572,0.181669,0.167494,0.169680,0.168931,0.162735,0.170120,0.169726,0.178967,0.178342,0.185790,0.199767,0.177986,0.180743
335.000000,94.000000,1533.000000,6.045059,6.568013,3.048559,0.233838,0.244776,0.222100,0.214513,0.219828,0.220723,0.216551,0.268495,0.206573,0.217856,0.211511,0.227110,0.198176,0.202564,0.203563,0.186100,0.175149,0.189009,0.235792,0.145385,0.151987,0.190650,0.216080,0.182751
335.000000,94.000000,1563.000000,3.963032,7.941545,1.941090,0.205474,0.225649,0.189970,0.188004,0.187554,0.218302,0.215496,0.232117,0.188741,0.194425,0.197476,0.199127,0.155998,0.189449,0.192795,0.175667,0.154568,0.183838,0.176873,0.142685,0.161183,0.201396,0.214586,0.176856
335.000000,94.000000,1593.000000,8.882690,8.492848,2.872614,0.243365,0.243559,0.235981,0.225635,0.238336,0.238420,0.228268,0.248303,0.214555,0.211388,0.212201,0.235143,0.206018,0.209415,0.187615,0.161388,0.163527,0.164793,0.193537,0.137119,0.126535,0.168844,0.226678,0.176866
335.000000,94.000000,1623.000000,9.522507,7.881387,3.071819,0.253004,0.258545,0.242391,0.232768,0.245003,0.232492,0.234164,0.257108,0.215590,0.224595,0.236151,0.232907,0.217267,0.213267,0.174549,0.156819,0.152716,0.163122,0.183935,0.153296,0.137599,0.164497,0.250991,0.172316
335.000000,94.000000,1653.000000,11.058455,6.601634,4.189424,0.281568,0.263440,0.258816,0.247583,0.257411,0.251379,0.244271,0.249238,0.233836,0.235229,0.232597,0.245587,0.227081,0.232726,0.176376,0.169538,0.160710,0.158562,0.187066,0.164681,0.142124,0.167479,0.234674,0.205172
335.000000,95.000000,1534.000000,2.410277,9.261429,2.635018,0.181555,0.191978,0.161871,0.166288,0.172284,0.176788,0.171786,0.189365,0.181091,0.187208,0.175536,0.174357,0.176429,0.167274,0.168474,0.164621,0.166101,0.166578,0.169464,0.146324,0.151278,0.201992,0.210233,0.174243
335.000000,96.000000,1619.000000,9.305684,8.352219,3.130254,0.248173,0.253862,0.253221,0.236909,0.246681,0.254647,0.234142,0.246060,0.226092,0.221666,0.221717,0.238278,0.199372,0.221114,0.170599,0.144829,0.144297,0.159847,0.169459,0.129918,0.112358,0.161527,0.224411,0.167136
335.000000,97.000000,1627.000000,9.418674,8.318687,3.182042,0.251259,0.257865,0.250030,0.238968,0.249813,0.241297,0.221916,0.251704,0.219681,0.221345,0.226317,0.233691,0.205678,0.216287,0.169936,0.150981,0.146350,0.171796,0.181344,0.134886,0.119482,0.162525,0.219314,0.174288
335.000000,97.000000,1657.000000,8.816686,5.951577,3.523905,0.263833,0.250668,0.246672,0.249878,0.256366,0.234625,0.214066,0.236451,0.226344,0.226076,0.243220,0.230603,0.216984,0.216954,0.183316,0.172579,0.172589,0.177834,0.185740,0.174320,0.155691,0.184666,0.213358,0.183721
340.000000,1.000000,122.000000,6.883827,5.819321,2.716211,0.236493,0.233855,0.217168,0.223654,0.223894,0.206155,0.221066,0.237163,0.201011,0.208663,0.206953,0.213637,0.187164,0.205271,0.176795,0.178519,0.172822,0.175880,0.208124,0.153868,0.159293,0.174220,0.213876,0.183929
340.000000,1.000000,152.000000,6.030082,6.058939,3.156770,0.232437,0.228780,0.202339,0.204061,0.201498,0.191778,0.197199,0.237486,0.197984,0.209788,0.203794,0.215987,0.173766,0.197517,0.170928,0.181207,0.173226,0.159304,0.183344,0.153166,0.161144,0.173776,0.205274,0.191892
340.000000,1.000000,182.000000,7.620622,7.822021,1.791368,0.236122,0.211619,0.233247,0.227306,0.231639,0.207788,0.237252,0.221663,0.206404,0.203076,0.213656,0.203835,0.185606,0.214735,0.166800,0.178625,0.135171,0.142793,0.198748,0.155345,0.151287,0.159412,0.236069,0.169704
340.000000,1.000000,2.000000,8.240870,6.459736,3.478008,0.260958,0.256881,0.236748,0.277629,0.254485,0.220702,0.206524,0.241638,0.221397,0.224890,0.241212,0.227514,0.206650,0.215018,0.170364,0.180727,0.162236,0.164417,0.204579,0.172569,0.174578,0.177598,0.231876,0.181593
340.000000,1.000000,32.000000,7.389796,7.545914,2.052812,0.248258,0.236611,0.231519,0.245556,0.232917,0.224530,0.249358,0.245621,0.207835,0.211944,0.212283,0.229636,0.187535,0.203954,0.174345,0.175224,0.170473,0.163084,0.205773,0.149084,0.162342,0.167888,0.242476,0.184736
340.000000,1.000000,62.000000,7.401988,7.204736,1.956377,0.206141,0.160054,0.198094,0.176377,0.149200,0.180488,0.221091,0.177113,0.167812,0.200922,0.170646,0.184910,0.169287,0.173299,0.137049,0.143651,0.126381,0.132270,0.158151,0.145555,0.135905,0.134436,0.198992,0.169285
340.000000,1.000000,92.000000,7.140805,6.031162,2.460380,0.241255,0.234574,0.223179,0.233819,0.229833,0.219054,0.213077,0.238384,0.207070,0.207211,0.206973,0.214442,0.186533,0.210028,0.186775,0.193064,0.174182,0.169454,0.198434,0.148024,0.147812,0.171013,0.222881,0.193883
340.000000,10.000000,247.000000,2.362095,6.245151,5.166726,0.201452,0.193792,0.189804,0.191096,0.193959,0.159327,0.166636,0.190956,0.185282,0.195105,0.188125,0.178921,0.168882,0.184762,0.160959,0.160440,0.161511,0.145019,0.171237,0.183062,0.175711,0.178607,0.173183,0.171754
340.000000,11.000000,250.000000,0.236784,7.914635,4.032668,0.203009,0.208106,0.182659,0.176443,0.179415,0.165606,0.165151,0.205019,0.184917,0.191256,0.180262,0.181689,0.148839,0.174374,0.194289,0.180908,0.183935,0.188788,0.210252,0.193569,0.196609,0.215590,0.158233,0.200423
340.000000,13.000000,269.000000,1.812329,6.677799,4.737082,0.208129,0.202235,0.176266,0.189520,0.186508,0.148415,0.158971,0.193829,0.177220,0.179266,0.187574,0.163707,0.155410,0.174957,0.166608,0.165528,0.163849,0.159921,0.172757,0.196777,0.185475,0.193198,0.165052,0.172498
340.000000,13.000000,299.000000,-0.278339,7.384497,4.687124,0.203901,0.190350,0.179460,0.184748,0.190568,0.143902,0.151377,0.191569,0.173139,0.180198,0.171113,0.160565,0.167311,0.162817,0.192352,0.183806,0.186566,0.184451,0.188240,0.221070,0.219548,0.226614,0.156066,0.196245
340.000000,14.000000,357.000000,9.086164,4.900816,3.431191,0.248389,0.214066,0.228510,0.228258,0.213640,0.195604,0.230851,0.218379,0.207902,0.219154,0.216260,0.221085,0.194836,0.219568,0.154916,0.166521,0.141888,0.154989,0.185890,0.174564,0.157139,0.160864,0.238289,0.182454
340.000000,14.000000,387.000000,2.557493,6.176312,5.269426,0.238668,0.224706,0.201988,0.225750,0.228857,0.196417,0.190670,0.226429,0.226343,0.213323,0.218916,0.207432,0.194533,0.219704,0.177964,0.186535,0.194342,0.170359,0.186231,0.206512,0.196474,0.196525,0.182533,0.201025
340.000000,15.000000,358.000000,9.588510,4.879473,4.499207,0.251109,0.223245,0.231290,0.231549,0.226481,0.168316,0.200921,0.211682,0.210763,0.215901,0.212755,0.219357,0.195387,0.222192,0.135687,0.144852,0.130014,0.141015,0.165017,0.173620,0.144874,0.154753,0.221310,0.162642
340.000000,15.000000,388.000000,5.892346,5.944434,3.198642,0.233277,0.218750,0.220500,0.219368,0.208477,0.200635,0.223148,0.223051,0.210288,0.224816,0.216671,0.208997,0.186480,0.205448,0.181447,0.183250,0.163355,0.165021,0.206151,0.174093,0.180095,0.170619,0.206129,0.200916
340.000000,15.000000,418.000000,9.050656,4.894864,3.383125,0.218396,0.198692,0.219970,0.192968,0.184803,0.165541,0.202859,0.206167,0.172797,0.204607,0.200430,0.200958,0.159203,0.185013,0.149063,0.160023,0.115120,0.134573,0.148971,0.150712,0.159484,0.145688,0.196022,0.141569
340.000000,15.000000,448.000000,8.749282,4.568851,4.971236,0.213827,0.195730,0.209618,0.201079,0.193699,0.165262,0.165999,0.190189,0.177422,0.219968,0.219765,0.199237,0.175229,0.176577,0.141582,0.159666,0.130414,0.133774,0.163573,0.167221,0.162532,0.148535,0.185859,0.159012
340.000000,15.000000,478.000000,0.115510,7.619694,5.480724,0.171357,0.145238,0.157991,0.135727,0.136214,0.140577,0.145137,0.133319,0.143910,0.180059,0.180050,0.148964,0.137753,0.133761,0.150700,0.180017,0.130976,0.140399,0.175563,0.169449,0.178457,0.152365,0.142180,0.166735
340.000000,15.000000,508.000000,0.036628,7.613493,5.464117,0.157902,0.141843,0.141129,0.132293,0.130776,0.126889,0.131641,0.128706,0.133632,0.165965,0.162484,0.130079,0.126218,0.116420,0.167079,0.192399,0.133952,0.141623,0.175687,0.169485,0.193779,0.164416,0.137496,0.171556
340.000000,15.000000,538.000000,9.226714,4.733738,3.888450,0.248311,0.215616,0.221180,0.220471,0.217925,0.202769,0.191560,0.218541,0.213168,0.222726,0.220550,0.220662,0.191149,0.221605,0.150488,0.165027,0.142495,0.153537,0.180148,0.185778,0.175165,0.160669,0.236734,0.173062
340.000000,15.000000,568.000000,2.102174,6.927668,4.307606,0.220169,0.222143,0.187050,0.218041,0.209628,0.175190,0.187497,0.220659,0.204194,0.200965,0.202948,0.183303,0.170873,0.190199,0.182645,0.181064,0.182983,0.174988,0.190039,0.190052,0.198025,0.211669,0.188892,0.189572
340.000000,16.000000,436.000000,8.656719,6.018630,3.655189,0.243862,0.256918,0.233083,0.250422,0.246285,0.226297,0.234461,0.254074,0.240822,0.228443,0.243227,0.229055,0.220809,0.233065,0.177742,0.175081,0.164894,0.163918,0.195533,0.171861,0.164610,0.178036,0.206243,0.165497
340.000000,17.000000,458.000000,6.962431,6.017156,3.375475,0.245558,0.254219,0.240102,0.242452,0.235026,0.215500,0.227336,0.254527,0.221140,0.228952,0.232163,0.228963,0.198043,0.220722,0.184622,0.188803,0.177491,0.175884,0.202580,0.182653,0.183069,0.190470,0.211374,0.176935
340.000000,17.000000,488.000000,6.551227,6.570702,3.207083,0.260786,0.283039,0.229335,0.258338,0.250136,0.233643,0.219223,0.283300,0.233284,0.226896,0.233291,0.237052,0.207145,0.221979,0.216248,0.200393,0.198057,0.195420,0.208738,0.177707,0.164250,0.203124,0.204306,0.194446
340.000000,17.000000,518.000000,6.170933,8.375260,2.426007,0.223567,0.247381,0.222015,0.219117,0.213512,0.220293,0.263265,0.254069,0.189112,0.196244,0.191442,0.211311,0.170948,0.190816,0.189394,0.160401,0.164409,0.158521,0.212160,0.147565,0.141447,0.184756,0.246909,0.158065
340.000000,17.000000,548.000000,5.653675,6.065077,3.320175,0.203557,0.194292,0.182384,0.191370,0.181606,0.171395,0.180862,0.201233,0.171175,0.191212,0.180303,0.183003,0.143991,0.148494,0.144435,0.151168,0.140255,0.134060,0.176716,0.143029,0.149361,0.157716,0.185510,0.163591
340.000000,18.000000,468.000000,0.559491,8.377346,4.355973,0.172214,0.182136,0.160538,0.164636,0.168591,0.167598,0.174312,0.191635,0.170219,0.176229,0.177869,0.160931,0.136068,0.156738,0.173696,0.175864,0.165077,0.165169,0.207949,0.156414,0.196353,0.180571,0.157746,0.177011
340.000000,18.000000,498.000000,7.486650,7.400473,1.966113,0.226876,0.221361,0.223824,0.214936,0.218251,0.220694,0.226869,0.223979,0.200994,0.209043,0.204536,0.212563,0.184011,0.202227,0.168026,0.168633,0.156546,0.152609,0.190958,0.161330,0.159934,0.160065,0.227202,0.187303
340.000000,2.000000,42.000000,1.302303,6.804957,4.903040,0.202367,0.188168,0.180412,0.189850,0.187586,0.175115,0.168127,0.181445,0.192124,0.187831,0.198050,0.182621,0.162228,0.193758,0.176013,0.188665,0.172044,0.176614,0.184882,0.190571,0.206416,0.201651,0.183576,0.182661
340.000000,22.000000,560.000000,0.814904,7.196277,4.693366,0.208127,0.194578,0.185594,0.185193,0.189340,0.171431,0.176343,0.194172,0.187988,0.193110,0.194635,0.178423,0.157387,0.178413,0.188422,0.199418,0.181507,0.185492,0.190014,0.192304,0.205236,0.210682,0.171836,0.196673
340.000000,22.000000,590.000000,1.052721,7.230326,3.435407,0.173880,0.183232,0.173291,0.155017,0.157663,0.170554,0.201049,0.216806,0.164541,0.188444,0.181608,0.157914,0.128832,0.150000,0.157857,0.155209,0.140396,0.146049,0.196278,0.145324,0.186557,0.177512,0.169151,0.163601
340.000000,22.000000,620.000000,7.068921,7.979329,1.625605,0.226454,0.215461,0.217364,0.215011,0.209174,0.201206,0.249079,0.226761,0.191747,0.214902,0.207969,0.202871,0.177591,0.198653,0.162760,0.163839,0.140477,0.144700,0.175636,0.152094,0.156908,0.165101,0.235345,0.162470
340.000000,22.000000,650.000000,-0.059517,7.648646,5.252671,0.196617,0.173133,0.188942,0.161219,0.176674,0.157798,0.165710,0.166679,0.177275,0.181332,0.171460,0.167074,0.164611,0.168444,0.193319,0.201762,0.181765,0.177203,0.188921,0.209720,0.204101,0.195170,0.158825,0.208811
340.000000,26.000000,1017.000000,10.963826,5.541604,4.896420,0.242162,0.246433,0.250536,0.254808,0.248379,0.227896,0.190717,0.239013,0.223790,0.232940,0.265170,0.252442,0.202289,0.219712,0.154275,0.167540,0.147714,0.151025,0.167870,0.156963,0.142893,0.146541,0.232389,0.160468
340.000000,26.000000,1047.000000,11.045155,5.625420,4.834095,0.239654,0.244669,0.248260,0.255206,0.249404,0.231208,0.195796,0.227594,0.210113,0.239905,0.270746,0.247401,0.213596,0.217876,0.158278,0.176242,0.148099,0.159607,0.166813,0.165620,0.151505,0.151176,0.233704,0.170169
340.000000,26.000000,627.000000,7.220732,4.442579,2.951290,0.238240,0.219483,0.222935,0.202141,0.200280,0.196579,0.217308,0.224254,0.195007,0.235630,0.211197,0.205871,0.206963,0.194362,0.161766,0.158615,0.150555,0.161149,0.178870,0.166482,0.156607,0.158107,0.209639,0.175772
340.000000,26.000000,657.000000,11.395736,3.639411,6.301369,0.219620,0.204932,0.190616,0.205305,0.195361,0.157123,0.154504,0.185213,0.173012,0.229666,0.242675,0.199633,0.178648,0.175731,0.149747,0.153095,0.145274,0.156438,0.142699,0.178497,0.144111,0.154876,0.172785,0.184905
340.000000,26.000000,687.000000,11.896826,3.298849,6.770235,0.195564,0.175273,0.166528,0.164146,0.157754,0.158737,0.143585,0.181558,0.147870,0.226743,0.220794,0.194960,0.178138,0.163255,0.145337,0.152635,0.131609,0.155084,0.146857,0.177056,0.156387,0.148463,0.157811,0.186475
340.000000,26.000000,717.000000,11.567105,3.604004,6.456559,0.211707,0.183872,0.200324,0.177912,0.181152,0.177357,0.185671,0.190575,0.175219,0.243627,0.235290,0.200889,0.197600,0.183703,0.137611,0.144914,0.126256,0.152495,0.139842,0.170537,0.148460,0.138142,0.180606,0.176474
340.000000,26.000000,747.000000,11.898452,3.295723,6.771650,0.202615,0.184120,0.177803,0.167276,0.164810,0.178050,0.161209,0.195280,0.158462,0.243205,0.235630,0.209272,0.192371,0.183345,0.146334,0.152462,0.136428,0.157404,0.142894,0.170293,0.139806,0.137706,0.179230,0.194129
340.000000,26.000000,777.000000,11.358541,3.659292,6.272316,0.202347,0.182238,0.185215,0.173455,0.174190,0.143024,0.132368,0.186405,0.159342,0.229911,0.217017,0.192946,0.176352,0.172520,0.123459,0.137933,0.118115,0.139736,0.128484,0.172942,0.134503,0.128539,0.179035,0.165200
340.000000,26.000000,807.000000,11.310652,3.697258,6.229690,0.203633,0.184291,0.200960,0.176319,0.182260,0.156585,0.152088,0.192479,0.163381,0.234105,0.214375,0.201292,0.178682,0.177989,0.135416,0.145124,0.119651,0.138386,0.142966,0.158738,0.130471,0.128452,0.187647,0.167166
340.000000,26.000000,837.000000,9.829484,4.544738,5.395008,0.220322,0.218878,0.207163,0.209681,0.206135,0.174523,0.155614,0.203614,0.219148,0.230544,0.250248,0.205172,0.193738,0.202271,0.135896,0.142663,0.132789,0.129622,0.151166,0.182993,0.151378,0.151663,0.172293,0.173659
340.000000,26.000000,867.000000,11.594136,3.582745,6.480764,0.219637,0.206037,0.210100,0.196223,0.194366,0.192899,0.191187,0.214380,0.191141,0.248486,0.224664,0.207404,0.205114,0.200655,0.152475,0.146927,0.146148,0.154139,0.158737,0.188008,0.163072,0.155916,0.198121,0.183835
340.000000,26.000000,897.000000,11.555543,3.628549,6.445476,0.241409,0.220996,0.219878,0.217658,0.212490,0.216470,0.207974,0.219489,0.211638,0.268806,0.249520,0.232192,0.227118,0.221379,0.159883,0.166079,0.151733,0.162485,0.162590,0.195271,0.170794,0.169599,0.218560,0.196486
340.000000,26.000000,927.000000,11.401380,3.650119,6.308336,0.228892,0.215661,0.212548,0.203372,0.194316,0.180700,0.173220,0.205627,0.187029,0.244256,0.228024,0.218512,0.207435,0.194960,0.145389,0.147253,0.141285,0.160662,0.153292,0.186074,0.151804,0.152565,0.191921,0.180724
340.000000,26.000000,957.000000,11.553530,3.564021,6.444290,0.220983,0.208625,0.215738,0.195426,0.198985,0.186729,0.187700,0.211563,0.191518,0.241677,0.223417,0.214429,0.205543,0.186546,0.157044,0.149713,0.147655,0.157219,0.160508,0.184520,0.161726,0.156136,0.186184,0.191921
340.000000,26.000000,987.000000,10.993629,5.707065,4.771562,0.238276,0.234102,0.241000,0.239422,0.229189,0.244073,0.215725,0.223834,0.209574,0.236077,0.251827,0.231303,0.212967,0.208540,0.162222,0.179540,0.141067,0.150725,0.159648,0.152558,0.148538,0.150493,0.233874,0.176229
340.000000,28.000000,647.000000,6.891716,4.656995,2.962671,0.250663,0.244644,0.246677,0.215373,0.231546,0.241308,0.228551,0.250042,0.217848,0.239884,0.235123,0.248279,0.214902,0.216496,0.204220,0.198625,0.179198,0.178026,0.190968,0.189066,0.171839,0.174099,0.205856,0.207419
340.000000,29.000000,722.000000,7.003545,4.629118,4.799583,0.235941,0.238849,0.212951,0.218760,0.229685,0.194319,0.199223,0.231181,0.208592,0.216627,0.218432,0.216295,0.187272,0.196251,0.195843,0.177880,0.172510,0.188826,0.172504,0.190283,0.178406,0.203520,0.190038,0.200441
340.000000,3.000000,112.000000,2.018376,9.653617,2.605946,0.158536,0.166843,0.149121,0.149887,0.146963,0.190325,0.184050,0.159703,0.158972,0.172862,0.163424,0.160198,0.128053,0.141619,0.178238,0.174238,0.162211,0.166418,0.185444,0.141496,0.177928,0.181082,0.181295,0.178077
340.000000,3.000000,82.000000,0.528447,7.701645,4.252999,0.196051,0.198432,0.174884,0.185393,0.190808,0.150539,0.173688,0.206454,0.165772,0.180433,0.174546,0.158385,0.153789,0.149163,0.195452,0.196209,0.169743,0.183753,0.185820,0.155344,0.215066,0.207757,0.180198,0.196672
340.000000,32.000000,1024.000000,7.838952,8.857174,2.297930,0.236163,0.236456,0.223645,0.229637,0.232659,0.253158,0.225479,0.237209,0.203391,0.211157,0.210089,0.225855,0.179201,0.210915,0.198099,0.207420,0.154602,0.154774,0.183389,0.130803,0.140919,0.169435,0.238106,0.177092
340.000000,32.000000,1054.000000,7.696504,8.832273,2.181036,0.234934,0.223431,0.230055,0.224661,0.234009,0.264708,0.244385,0.220867,0.217740,0.211595,0.224358,0.228354,0.191130,0.221908,0.193761,0.208156,0.154872,0.153545,0.183519,0.157513,0.155988,0.171841,0.244543,0.171856
340.000000,32.000000,1084.000000,9.845063,4.585237,4.758980,0.249651,0.231085,0.232135,0.212764,0.224591,0.184474,0.185268,0.225410,0.225887,0.242601,0.222768,0.232999,0.210186,0.235252,0.156661,0.164524,0.152648,0.153558,0.160641,0.189617,0.149676,0.161685,0.211541,0.203604
340.000000,32.000000,994.000000,4.641675,8.616320,1.567207,0.208151,0.214194,0.196014,0.198189,0.196648,0.241073,0.211795,0.207495,0.189872,0.202933,0.199777,0.209930,0.168005,0.182194,0.187478,0.214822,0.156211,0.149675,0.169309,0.143789,0.158232,0.177145,0.218780,0.190383
340.000000,33.000000,1026.000000,10.914854,6.247941,4.379602,0.263537,0.244956,0.279773,0.266853,0.261469,0.230952,0.242777,0.229923,0.225754,0.233474,0.250084,0.257833,0.216297,0.232072,0.167998,0.178652,0.158686,0.157777,0.176220,0.168034,0.153258,0.160189,0.243708,0.191709
340.000000,33.000000,1056.000000,7.708837,7.733848,1.880521,0.224338,0.226651,0.224141,0.239526,0.217233,0.217059,0.225524,0.219266,0.201645,0.207054,0.211276,0.213054,0.182324,0.202330,0.161125,0.169700,0.151516,0.154381,0.177021,0.159234,0.149248,0.154418,0.236781,0.168483
340.000000,33.000000,1086.000000,11.630939,3.478396,6.511497,0.230452,0.209967,0.214701,0.195495,0.201773,0.201293,0.203878,0.213995,0.194816,0.254900,0.228855,0.223421,0.209263,0.201606,0.166878,0.169727,0.158667,0.165659,0.170395,0.192896,0.165712,0.158651,0.193441,0.193677
340.000000,33.000000,1116.000000,11.523231,3.530349,6.408007,0.220283,0.218077,0.205467,0.196489,0.198505,0.191332,0.187687,0.211600,0.192161,0.247793,0.236591,0.218958,0.209733,0.191079,0.161248,0.160992,0.149817,0.169171,0.160879,0.189796,0.162177,0.162011,0.195517,0.193445
340.000000,33.000000,1146.000000,11.656366,3.521656,6.519927,0.212029,0.204770,0.206145,0.182218,0.187647,0.194130,0.194916,0.206851,0.187369,0.249850,0.225104,0.211020,0.204097,0.188896,0.153960,0.147662,0.146069,0.157361,0.158876,0.190970,0.165370,0.158974,0.195244,0.187814
340.000000,33.000000,1176.000000,1.280698,6.700917,5.178559,0.211858,0.199816,0.188356,0.161005,0.175089,0.161545,0.164204,0.195609,0.162665,0.221248,0.188444,0.200350,0.172509,0.174442,0.184221,0.185950,0.182006,0.180085,0.178072,0.193194,0.177144,0.182378,0.151975,0.224457
340.000000,33.000000,996.000000,8.072546,6.896910,3.174719,0.269544,0.268577,0.250022,0.276548,0.259742,0.233138,0.254739,0.266511,0.235084,0.238566,0.233020,0.238251,0.217735,0.228021,0.188508,0.179577,0.175293,0.180749,0.208044,0.170813,0.174417,0.192356,0.250045,0.186045
340.000000,35.000000,1199.000000,11.723022,3.456065,6.598591,0.201904,0.193845,0.194492,0.174136,0.176834,0.188342,0.181711,0.198699,0.175375,0.240474,0.225139,0.204207,0.199359,0.187958,0.154747,0.153085,0.141043,0.158084,0.153452,0.191126,0.164450,0.154785,0.187786,0.186832
340.000000,35.000000,1229.000000,11.714959,3.463487,6.590363,0.208658,0.203453,0.193415,0.181082,0.183176,0.183255,0.183882,0.200240,0.183730,0.243760,0.221214,0.205588,0.194949,0.183923,0.159096,0.156120,0.148740,0.164690,0.158706,0.191692,0.170527,0.161576,0.187047,0.190468
340.000000,35.000000,1259.000000,10.225734,4.451616,5.294228,0.240200,0.224179,0.224980,0.208129,0.216703,0.180096,0.173620,0.214458,0.194159,0.239083,0.234759,0.225972,0.201649,0.209416,0.145231,0.157760,0.146316,0.154812,0.151086,0.174833,0.135882,0.147321,0.198342,0.193176
340.000000,35.000000,1289.000000,11.675769,3.504985,6.553436,0.198534,0.191629,0.195074,0.169569,0.171663,0.186453,0.183699,0.189832,0.177074,0.235325,0.209834,0.194038,0.190520,0.169819,0.159700,0.153668,0.145447,0.157620,0.159026,0.187298,0.167884,0.155755,0.181502,0.188789
340.000000,38.000000,1314.000000,6.313226,4.421921,4.777137,0.231481,0.217589,0.211100,0.207493,0.223204,0.192916,0.187902,0.213552,0.220792,0.215394,0.212430,0.206516,0.198146,0.205170,0.176583,0.176903,0.172145,0.163789,0.179221,0.197543,0.175018,0.185105,0.189456,0.200620
340.000000,38.000000,1344.000000,11.337510,3.681557,6.252814,0.227296,0.219580,0.214478,0.198846,0.204772,0.188375,0.180395,0.215273,0.191776,0.249247,0.228889,0.226667,0.196895,0.195416,0.152657,0.155085,0.144361,0.155796,0.155342,0.181595,0.148266,0.150774,0.197434,0.193700
340.000000,38.000000,1374.000000,10.141964,4.583856,5.329994,0.217668,0.209647,0.212341,0.206253,0.215719,0.164269,0.145649,0.194816,0.183169,0.227387,0.238495,0.209616,0.184029,0.191543,0.131392,0.134605,0.116458,0.131940,0.142432,0.172053,0.130966,0.135381,0.190296,0.164317
340.000000,38.000000,1404.000000,10.275474,4.541559,5.353046,0.218188,0.209663,0.215905,0.198401,0.208291,0.164584,0.152743,0.199487,0.179219,0.237966,0.221809,0.216513,0.182037,0.191714,0.125643,0.131179,0.117191,0.133672,0.144514,0.165971,0.129546,0.131740,0.194906,0.167146
340.000000,38.000000,1434.000000,7.275777,5.040634,3.842321,0.264924,0.247028,0.258183,0.230527,0.248094,0.214367,0.201797,0.247283,0.231349,0.245262,0.233716,0.246808,0.219435,0.230902,0.193140,0.187814,0.178217,0.172411,0.195882,0.206093,0.172613,0.177019,0.201196,0.211415
340.000000,38.000000,1464.000000,9.803605,4.522771,5.429631,0.244681,0.225401,0.230704,0.225773,0.238430,0.174355,0.165835,0.215843,0.212312,0.211662,0.213678,0.212281,0.189027,0.211575,0.141191,0.149841,0.142065,0.138201,0.161751,0.198795,0.155525,0.159227,0.184214,0.175623
340.000000,38.000000,1494.000000,9.839946,4.507894,5.437419,0.228610,0.203167,0.216654,0.206807,0.216288,0.157372,0.147757,0.194861,0.178110,0.221679,0.208945,0.205780,0.180217,0.188436,0.125193,0.130880,0.126716,0.123127,0.155142,0.192143,0.145155,0.142559,0.177424,0.162534
340.000000,38.000000,1524.000000,9.812682,4.518919,5.408620,0.218478,0.198249,0.203445,0.203375,0.206892,0.153556,0.145194,0.189098,0.178826,0.190990,0.205623,0.195906,0.184094,0.183996,0.118284,0.126843,0.119999,0.119791,0.144211,0.183350,0.138209,0.137062,0.178279,0.154762
340.000000,38.000000,1554.000000,9.761255,4.538213,5.393124,0.226631,0.215159,0.212622,0.220597,0.215893,0.174960,0.160064,0.208514,0.196550,0.215073,0.223596,0.203081,0.203628,0.195823,0.135343,0.138110,0.140735,0.136377,0.159353,0.188717,0.146423,0.151407,0.184299,0.165493
340.000000,4.000000,112.000000,7.612049,5.352798,2.336352,0.253418,0.258733,0.249274,0.234286,0.236294,0.234895,0.234031,0.267740,0.216801,0.244219,0.217388,0.267532,0.203362,0.218733,0.191376,0.189978,0.170678,0.166527,0.204292,0.143697,0.156822,0.162051,0.232191,0.214342
340.000000,4.000000,142.000000,7.459060,4.898824,4.761033,0.278696,0.265955,0.235424,0.260039,0.255714,0.224689,0.212907,0.255827,0.229578,0.239591,0.233688,0.240647,0.225317,0.219666,0.194560,0.194173,0.182461,0.190784,0.173541,0.186645,0.169334,0.192118,0.223238,0.214280
340.000000,40.000000,1333.000000,0.123651,7.181370,4.445642,0.178404,0.181659,0.161968,0.162398,0.177999,0.151712,0.143250,0.175064,0.175537,0.174398,0.175288,0.158769,0.156938,0.169689,0.184637,0.165607,0.178023,0.159396,0.182534,0.191064,0.181882,0.214061,0.155607,0.149839
340.000000,42.000000,1338.000000,1.908179,6.272308,5.209859,0.191104,0.175740,0.180309,0.167128,0.187983,0.150420,0.150400,0.178322,0.177147,0.186169,0.187894,0.180191,0.162736,0.171707,0.151032,0.158220,0.148212,0.145258,0.164159,0.177574,0.171985,0.173332,0.167209,0.184265
340.000000,47.000000,1579.000000,7.396496,4.964370,3.952086,0.271678,0.239543,0.263852,0.231382,0.249984,0.203632,0.197821,0.241318,0.221462,0.252323,0.232622,0.240079,0.220877,0.226548,0.184425,0.189343,0.180596,0.173998,0.194066,0.203515,0.166635,0.166771,0.207851,0.202545
340.000000,47.000000,1609.000000,2.809764,8.257393,3.460858,0.208525,0.201052,0.202724,0.180545,0.185669,0.206471,0.225044,0.220681,0.190104,0.219307,0.203437,0.216422,0.178808,0.193419,0.193664,0.201260,0.175339,0.177175,0.199499,0.170646,0.191357,0.180788,0.193299,0.205485
340.000000,48.000000,1607.000000,2.330939,8.127347,4.002348,0.205370,0.180648,0.205318,0.171793,0.181398,0.183999,0.176932,0.182255,0.187447,0.201039,0.186637,0.187846,0.158522,0.188357,0.196857,0.208395,0.190116,0.176943,0.199641,0.188071,0.187283,0.183022,0.151991,0.208761
340.000000,48.000000,1637.000000,8.765849,4.732764,3.564520,0.207651,0.198623,0.191209,0.205946,0.178715,0.177343,0.182171,0.196050,0.167066,0.192655,0.178689,0.189997,0.143896,0.163882,0.144045,0.136072,0.131795,0.130617,0.162262,0.168728,0.155446,0.149731,0.181906,0.172748
340.000000,50.000000,1645.000000,7.495401,5.660694,2.554622,0.258719,0.252652,0.241293,0.246812,0.232462,0.231728,0.222972,0.245827,0.216079,0.222041,0.227525,0.244175,0.189444,0.218553,0.198346,0.195518,0.186368,0.178758,0.190705,0.178225,0.171584,0.171675,0.229019,0.203507
340.000000,50.000000,1675.000000,6.121566,5.784725,3.394844,0.258730,0.252498,0.233187,0.246298,0.227627,0.205723,0.196290,0.249334,0.200562,0.209975,0.218832,0.230520,0.188681,0.201420,0.181693,0.180579,0.170515,0.167777,0.220750,0.182667,0.175478,0.177182,0.217324,0.198207
340.000000,51.000000,1651.000000,6.038523,5.744759,2.547930,0.230947,0.221743,0.228798,0.209384,0.215552,0.231020,0.236632,0.238737,0.225934,0.227513,0.215840,0.223372,0.191936,0.224073,0.193937,0.201433,0.181015,0.181059,0.209966,0.176013,0.187408,0.183773,0.212258,0.198489
340.000000,53.000000,1699.000000,9.115101,5.221334,4.060528,0.290802,0.267305,0.253451,0.259701,0.255445,0.232804,0.222344,0.253882,0.251177,0.252320,0.229238,0.247116,0.233714,0.251885,0.179875,0.183477,0.176343,0.179388,0.193130,0.198687,0.168899,0.180515,0.224414,0.217990
340.000000,54.000000,1703.000000,7.025110,7.624939,2.248175,0.241427,0.241402,0.231072,0.231867,0.222789,0.233601,0.242596,0.254910,0.202635,0.211128,0.203186,0.223171,0.186478,0.190518,0.185151,0.167053,0.158167,0.173668,0.198015,0.151808,0.154659,0.175328,0.224442,0.187783
340.000000,54.000000,1733.000000,6.868688,5.752135,2.903897,0.262662,0.249719,0.248344,0.250313,0.247492,0.236610,0.245613,0.249047,0.224890,0.231291,0.223610,0.238950,0.214612,0.220709,0.199703,0.200686,0.187218,0.183804,0.215880,0.191657,0.189784,0.196404,0.226224,0.210975
340.000000,55.000000,1727.000000,9.594234,4.886280,4.898554,0.255432,0.253805,0.252571,0.256473,0.260715,0.203028,0.192511,0.243067,0.221067,0.235439,0.250110,0.239024,0.222378,0.210124,0.166285,0.168592,0.151225,0.160020,0.180671,0.192177,0.161163,0.166412,0.215714,0.190918
340.000000,55.000000,1757.000000,9.728114,4.864874,4.900259,0.263847,0.237165,0.259622,0.234250,0.243742,0.203293,0.220567,0.228954,0.200043,0.240866,0.253518,0.236043,0.225277,0.198675,0.156401,0.163346,0.142888,0.147533,0.170430,0.194266,0.165863,0.157017,0.210907,0.189687
340.000000,55.000000,1787.000000,10.206829,4.644403,5.236989,0.257054,0.221170,0.245974,0.217955,0.224893,0.199608,0.216044,0.212302,0.217400,0.258364,0.246414,0.222679,0.221642,0.215508,0.141154,0.145074,0.129304,0.141906,0.154124,0.190262,0.148712,0.146217,0.213942,0.179973
340.000000,55.000000,1817.000000,9.032953,5.335399,3.711067,0.268637,0.245572,0.241447,0.266028,0.249561,0.219549,0.232619,0.245503,0.225518,0.238647,0.234531,0.227016,0.213851,0.211740,0.173076,0.176700,0.164273,0.160581,0.196522,0.188241,0.179069,0.175690,0.233529,0.196231
340.000000,56.000000,1803.000000,5.610343,6.243595,3.178966,0.245436,0.233405,0.244417,0.228426,0.234874,0.215854,0.241904,0.262819,0.216081,0.234863,0.220364,0.222522,0.203824,0.201232,0.187666,0.179514,0.163182,0.171692,0.243490,0.176998,0.184715,0.190050,0.231903,0.201495
340.000000,57.000000,1811.000000,0.294434,8.659159,4.412315,0.190271,0.190693,0.189337,0.166544,0.176848,0.171411,0.182144,0.211055,0.173641,0.184513,0.168189,0.184876,0.143560,0.172008,0.210461,0.206932,0.191832,0.185067,0.210640,0.176730,0.213330,0.207591,0.165583,0.215046
340.000000,57.000000,1841.000000,-0.120744,8.610012,3.871168,0.128119,0.136105,0.146206,0.121021,0.125787,0.115846,0.125955,0.152724,0.140521,0.157768,0.152546,0.144485,0.114539,0.118876,0.176455,0.154970,0.148280,0.148017,0.218689,0.169939,0.179659,0.186317,0.122920,0.184599
340.000000,57.000000,1871.000000,0.148703,7.812061,4.051774,0.163112,0.174151,0.168049,0.147872,0.164109,0.142945,0.153065,0.185403,0.174056,0.182689,0.180449,0.167439,0.149125,0.160213,0.165616,0.148896,0.154788,0.160777,0.208646,0.182896,0.177636,0.190253,0.142878,0.183030
340.000000,60.000000,1822.000000,6.658447,3.780614,5.561608,0.244925,0.229767,0.198505,0.240107,0.219038,0.175610,0.178598,0.236443,0.212275,0.218719,0.225536,0.191030,0.209330,0.195186,0.171666,0.160561,0.162296,0.175980,0.170109,0.201131,0.190788,0.192113,0.176196,0.183464
340.000000,61.000000,1827.000000,7.535778,5.600997,2.685361,0.263443,0.253928,0.244424,0.251117,0.243201,0.230136,0.227074,0.246270,0.212489,0.226708,0.229829,0.236002,0.201205,0.208509,0.189235,0.194401,0.169032,0.171243,0.203492,0.180463,0.168102,0.173977,0.231893,0.205243
340.000000,61.000000,1857.000000,7.688917,5.366175,2.422833,0.273807,0.256166,0.255088,0.241191,0.253305,0.228863,0.230089,0.260365,0.223408,0.244782,0.229438,0.256854,0.207566,0.222258,0.192507,0.193810,0.172949,0.175101,0.213162,0.179277,0.159183,0.171583,0.231000,0.215822
340.000000,61.000000,1887.000000,8.587085,5.123785,2.919375,0.251810,0.234427,0.228219,0.237804,0.234790,0.210600,0.214366,0.240664,0.205704,0.220703,0.198670,0.223365,0.191724,0.198970,0.146167,0.153495,0.131568,0.135045,0.173964,0.171897,0.143333,0.160717,0.230640,0.188956
340.000000,61.000000,1917.000000,8.170198,5.266481,2.771505,0.261785,0.247746,0.241044,0.239514,0.234778,0.221728,0.223376,0.244336,0.210249,0.228415,0.217443,0.239409,0.195157,0.208776,0.169165,0.173832,0.153895,0.156360,0.189453,0.177669,0.159777,0.168792,0.231622,0.204538
340.000000,62.000000,1831.000000,6.560682,4.388959,4.572619,0.259322,0.229952,0.237506,0.220827,0.217455,0.196334,0.221692,0.234880,0.209421,0.234056,0.218074,0.225237,0.208436,0.202369,0.183359,0.183914,0.157070,0.162658,0.189566,0.207561,0.184227,0.174235,0.188070,0.192410
340.000000,62.000000,1861.000000,8.991251,4.873426,3.402128,0.220254,0.204106,0.212361,0.211398,0.206178,0.186376,0.213771,0.203739,0.182389,0.199552,0.197452,0.195598,0.168570,0.177024,0.145502,0.142137,0.131970,0.140834,0.164547,0.168471,0.156755,0.154634,0.197803,0.168687
340.000000,62.000000,1891.000000,10.498878,5.801102,4.504634,0.236395,0.232878,0.226054,0.237219,0.230241,0.208342,0.223105,0.224028,0.195696,0.217444,0.232524,0.204349,0.189232,0.189492,0.146900,0.140213,0.132196,0.138159,0.163317,0.181232,0.152428,0.153109,0.208934,0.147485
340.000000,62.000000,1921.000000,10.449559,5.776164,4.475266,0.223102,0.222017,0.227162,0.232239,0.224247,0.190840,0.193946,0.223735,0.195119,0.203703,0.224694,0.195682,0.174578,0.178637,0.147316,0.128784,0.132514,0.131374,0.166514,0.159461,0.142530,0.145252,0.176615,0.137134
340.000000,62.000000,1951.000000,10.809847,5.535934,4.866531,0.230124,0.230167,0.240365,0.220952,0.233006,0.186742,0.184108,0.217747,0.200095,0.220908,0.227893,0.230399,0.193487,0.203585,0.138974,0.136597,0.125778,0.135570,0.148741,0.155547,0.123339,0.129821,0.224027,0.151824
340.000000,62.000000,1981.000000,10.265928,4.631203,5.263863,0.242171,0.219114,0.241851,0.216327,0.230874,0.207372,0.193830,0.216208,0.213369,0.240659,0.272958,0.219486,0.215231,0.226581,0.153711,0.153357,0.136235,0.153443,0.156445,0.180911,0.140423,0.145398,0.216865,0.176196
340.000000,63.000000,1832.000000,-0.734047,8.585530,4.201928,0.135632,0.145611,0.127341,0.134962,0.129707,0.112942,0.124794,0.164779,0.139889,0.164413,0.140071,0.124543,0.099656,0.118461,0.168980,0.133945,0.165622,0.162750,0.177885,0.178919,0.193128,0.206004,0.131873,0.153838
340.000000,69.000000,1924.000000,-0.032910,8.478387,3.893960,0.159043,0.160858,0.154860,0.132679,0.139629,0.135502,0.146776,0.183473,0.153103,0.178096,0.159870,0.151921,0.116875,0.136426,0.173250,0.158548,0.156526,0.158056,0.210458,0.171772,0.188181,0.189395,0.123315,0.168893
340.000000,7.000000,184.000000,7.653977,7.745067,1.827091,0.246644,0.220258,0.233802,0.234685,0.229750,0.214440,0.243865,0.224691,0.218454,0.211638,0.209305,0.212746,0.185674,0.219786,0.162422,0.170507,0.146240,0.145238,0.202817,0.159622,0.158086,0.161618,0.227066,0.173920
340.000000,7.000000,214.000000,5.939923,5.848845,3.441744,0.234317,0.229941,0.220002,0.220488,0.217987,0.191599,0.198494,0.242662,0.206809,0.219838,0.216938,0.209701,0.195284,0.205720,0.177224,0.180381,0.175812,0.164799,0.209403,0.171048,0.175140,0.176481,0.207452,0.201208
340.000000,7.000000,244.000000,7.196608,3.605062,4.361108,0.227311,0.203360,0.214955,0.216888,0.197092,0.178413,0.200200,0.186932,0.203394,0.195968,0.198902,0.195398,0.177200,0.208844,0.148075,0.161041,0.148455,0.139979,0.170116,0.186108,0.153420,0.157788,0.202817,0.165320
340.000000,7.000000,274.000000,9.731988,4.548504,5.387095,0.277625,0.252250,0.245564,0.268580,0.260079,0.193497,0.184723,0.238799,0.235818,0.240119,0.254373,0.232046,0.228591,0.231705,0.167266,0.175360,0.162315,0.165419,0.177901,0.218318,0.175007,0.183955,0.204876,0.182299
340.000000,7.000000,304.000000,7.385787,4.096622,4.522275,0.244309,0.224804,0.217676,0.233449,0.215127,0.217779,0.218554,0.213445,0.214826,0.211693,0.227372,0.212226,0.183743,0.213989,0.167734,0.173447,0.161388,0.166585,0.196302,0.191125,0.188509,0.182730,0.211994,0.188390
340.000000,7.000000,334.000000,8.025911,7.674565,1.974181,0.218718,0.198385,0.206089,0.220488,0.210822,0.185090,0.218313,0.200628,0.184834,0.187702,0.187733,0.186013,0.168373,0.188261,0.128464,0.126560,0.123529,0.125061,0.151276,0.134911,0.124619,0.141812,0.241458,0.142737
340.000000,7.000000,364.000000,0.418391,8.544791,3.523828,0.173359,0.199255,0.162876,0.169248,0.159255,0.165311,0.180127,0.207059,0.163235,0.164352,0.175699,0.157571,0.117582,0.146451,0.205127,0.190675,0.188619,0.204264,0.197556,0.146567,0.190065,0.212106,0.170610,0.185116
340.000000,7.000000,394.000000,6.109685,6.347674,3.154394,0.235343,0.238690,0.212715,0.202374,0.203935,0.198624,0.203387,0.258075,0.202150,0.224876,0.205594,0.215424,0.175552,0.193970,0.190980,0.193296,0.174227,0.193265,0.208526,0.155866,0.166803,0.191399,0.215728,0.197094
340.000000,7.000000,424.000000,0.445061,8.075021,3.704245,0.175963,0.188013,0.157652,0.172515,0.159121,0.154396,0.179877,0.187400,0.160884,0.171621,0.169916,0.152935,0.159176,0.143899,0.194886,0.161695,0.193105,0.215392,0.177951,0.180425,0.193147,0.227818,0.170725,0.173670
340.000000,70.000000,1940.000000,-0.710470,8.578203,4.189312,0.159322,0.159960,0.145858,0.148072,0.142538,0.134360,0.141615,0.174692,0.144054,0.170293,0.139405,0.145741,0.106550,0.121791,0.166311,0.142636,0.165492,0.160602,0.179535,0.179057,0.190422,0.205065,0.138117,0.162254
340.000000,71.000000,1942.000000,-0.267073,7.344444,4.729901,0.200339,0.185116,0.176735,0.181252,0.175117,0.136837,0.142527,0.178544,0.172187,0.185556,0.174412,0.163312,0.147555,0.159119,0.173989,0.167846,0.164320,0.169352,0.184036,0.200071,0.201478,0.200428,0.141531,0.188132
340.000000,71.000000,1972.000000,2.825063,8.266352,3.445407,0.198377,0.193654,0.205594,0.169802,0.178192,0.201053,0.204639,0.204269,0.189461,0.204983,0.181690,0.192921,0.155991,0.181977,0.196703,0.205855,0.173629,0.165803,0.185559,0.168073,0.186463,0.180562,0.179254,0.188042
340.000000,71.000000,2002.000000,7.945050,7.742908,1.934143,0.214890,0.210574,0.209800,0.215476,0.214286,0.208585,0.208036,0.216807,0.202634,0.200924,0.208642,0.200025,0.172784,0.201130,0.146387,0.145889,0.128069,0.134312,0.172055,0.145563,0.141268,0.155079,0.237103,0.151605
340.000000,8.000000,189.000000,2.778396,8.219076,3.464504,0.206042,0.207035,0.209561,0.192572,0.198300,0.212757,0.217175,0.218038,0.201225,0.214107,0.195489,0.203046,0.175375,0.195023,0.203525,0.209065,0.185465,0.177508,0.217928,0.158490,0.193512,0.185413,0.210615,0.214308
340.000000,9.000000,200.000000,8.321981,4.950211,5.524808,0.247282,0.244639,0.224597,0.244815,0.244765,0.197536,0.167208,0.224890,0.224549,0.223554,0.235250,0.231004,0.224893,0.223555,0.154578,0.167145,0.153537,0.158873,0.181632,0.187745,0.158494,0.161449,0.216252,0.180559
340.000000,9.000000,230.000000,2.104513,6.515855,5.070440,0.204311,0.166778,0.187931,0.170699,0.160186,0.155233,0.183187,0.175340,0.174818,0.198297,0.177902,0.182923,0.151102,0.182963,0.166845,0.175518,0.165451,0.153092,0.183741,0.195088,0.188740,0.174200,0.158333,0.187463
348.000000,1.000000,122.000000,7.775939,3.671328,4.884317,0.223325,0.205016,0.204417,0.209376,0.226892,0.158183,0.165413,0.181464,0.170739,0.181336,0.203174,0.189024,0.181609,0.178584,0.140676,0.150562,0.130897,0.141023,0.155460,0.185419,0.145891,0.159767,0.200385,0.169426
348.000000,1.000000,152.000000,11.462947,7.510708,3.519390,0.205853,0.205394,0.242289,0.196613,0.195239,0.181743,0.230433,0.206650,0.166770,0.192909,0.188890,0.194872,0.168165,0.162724,0.123794,0.119285,0.107360,0.117110,0.164897,0.125494,0.110330,0.137044,0.218273,0.174366
348.000000,1.000000,182.000000,9.332326,5.645239,3.836253,0.266463,0.264484,0.258438,0.253866,0.255843,0.221812,0.234536,0.259599,0.234941,0.244126,0.248886,0.247168,0.224253,0.229093,0.181827,0.174638,0.163379,0.162039,0.200456,0.179020,0.160448,0.174659,0.223859,0.204831
348.000000,1.000000,2.000000,6.924705,3.620718,4.389585,0.236955,0.212600,0.223006,0.218884,0.229781,0.175994,0.188059,0.204872,0.187186,0.204435,0.210091,0.219803,0.191064,0.188796,0.164838,0.165851,0.155205,0.162279,0.176407,0.206860,0.170854,0.182976,0.204893,0.192056
348.000000,1.000000,212.000000,9.466697,5.670300,3.888830,0.263309,0.265791,0.261069,0.256387,0.253158,0.213570,0.221641,0.258842,0.227591,0.244170,0.246333,0.255529,0.226407,0.219765,0.175930,0.174331,0.162604,0.166171,0.195993,0.170228,0.148735,0.162151,0.228764,0.197307
348.000000,1.000000,32.000000,7.243929,3.958402,3.482307,0.217411,0.209821,0.201579,0.189506,0.195362,0.184196,0.176188,0.217281,0.187987,0.223352,0.208588,0.235465,0.180632,0.203006,0.159629,0.158786,0.148874,0.159056,0.158839,0.174476,0.147840,0.164388,0.201587,0.217997
348.000000,1.000000,62.000000,7.905838,3.761093,5.030169,0.229794,0.232348,0.222425,0.234528,0.230675,0.189984,0.180036,0.214105,0.204725,0.208959,0.228348,0.208617,0.199139,0.197207,0.154960,0.159284,0.153226,0.155564,0.170600,0.197136,0.165238,0.177646,0.211841,0.189949
348.000000,1.000000,92.000000,8.569510,4.521392,5.002808,0.248794,0.246483,0.244975,0.244787,0.235673,0.203613,0.198394,0.227811,0.219762,0.228401,0.242401,0.232293,0.213806,0.214593,0.168667,0.175896,0.167587,0.157620,0.178022,0.203104,0.173265,0.177569,0.201622,0.200397
348.000000,10.000000,156.000000,-0.274810,7.374696,4.327542,0.181047,0.167474,0.156332,0.146542,0.161847,0.130602,0.142097,0.166515,0.163072,0.171826,0.175796,0.151823,0.162401,0.168437,0.157589,0.153094,0.158842,0.182620,0.178300,0.192516,0.186327,0.203307,0.154873,0.172366
348.000000,104.000000,1314.000000,9.137649,4.888656,3.266577,0.236759,0.220983,0.230368,0.223343,0.214466,0.165667,0.205079,0.205907,0.188463,0.203358,0.213599,0.199024,0.172169,0.181476,0.153902,0.150733,0.135521,0.142117,0.169624,0.181899,0.148453,0.163926,0.211013,0.168729
348.000000,104.000000,1344.000000,7.072036,3.595263,4.950535,0.211838,0.183235,0.193636,0.172826,0.202731,0.168528,0.157539,0.172511,0.204554,0.219256,0.203733,0.185490,0.190339,0.210010,0.144865,0.145102,0.148723,0.151114,0.150893,0.196095,0.153999,0.162157,0.191519,0.179415
348.000000,104.000000,1374.000000,-0.153452,7.469413,5.096030,0.202600,0.176095,0.192246,0.167111,0.196939,0.147794,0.146093,0.159947,0.174897,0.188450,0.183305,0.160559,0.161522,0.161090,0.182342,0.184517,0.174527,0.177867,0.177661,0.223185,0.196530,0.206988,0.162623,0.206453
348.000000,106.000000,1354.000000,6.478882,3.686644,5.726093,0.240109,0.220112,0.231670,0.226299,0.243047,0.182330,0.180233,0.211927,0.223727,0.224763,0.221885,0.203166,0.215400,0.207319,0.183057,0.179617,0.176555,0.174175,0.183065,0.229748,0.187508,0.200893,0.192820,0.192444
348.000000,106.000000,1384.000000,6.919803,4.187873,4.906290,0.217739,0.221880,0.216130,0.202793,0.203476,0.174113,0.181588,0.208857,0.200734,0.214401,0.208710,0.219145,0.198200,0.203790,0.155142,0.160628,0.149951,0.147104,0.158071,0.200338,0.169004,0.174553,0.184572,0.187069
348.000000,106.000000,1414.000000,8.118471,3.887865,3.589895,0.224026,0.222790,0.216430,0.196157,0.207157,0.191809,0.190770,0.221909,0.183906,0.200071,0.191820,0.198128,0.188273,0.179064,0.161639,0.155249,0.150095,0.150354,0.184489,0.183453,0.157051,0.171833,0.225006,0.181313
348.000000,106.000000,1444.000000,6.664311,3.787021,5.566356,0.254707,0.213220,0.212976,0.208386,0.222938,0.165579,0.175271,0.218526,0.217422,0.219412,0.210772,0.190741,0.212159,0.213664,0.169028,0.162512,0.154422,0.149461,0.165790,0.216679,0.182579,0.179585,0.179794,0.189898
348.000000,106.000000,1474.000000,7.178649,3.328178,4.217535,0.223771,0.201029,0.213139,0.206873,0.221028,0.168094,0.181516,0.192331,0.190466,0.193057,0.194563,0.213916,0.184041,0.195575,0.142985,0.152248,0.144290,0.148694,0.173505,0.198814,0.163640,0.175865,0.199184,0.193569
348.000000,107.000000,1356.000000,-0.008103,7.290257,4.975335,0.205597,0.189759,0.192287,0.184045,0.192483,0.165752,0.170642,0.176619,0.189106,0.192645,0.185061,0.183962,0.172394,0.183849,0.176355,0.180230,0.192224,0.185157,0.198901,0.214991,0.208703,0.206621,0.162714,0.206176
348.000000,108.000000,1357.000000,1.535950,6.484046,5.140320,0.203970,0.179482,0.176680,0.157066,0.167845,0.168326,0.175634,0.173706,0.210271,0.220154,0.198097,0.185457,0.176505,0.198242,0.165973,0.167647,0.165797,0.165890,0.176138,0.203559,0.182564,0.179156,0.159905,0.193181
348.000000,109.000000,1361.000000,6.394895,3.718941,5.722776,0.229180,0.214905,0.221144,0.198555,0.225535,0.176307,0.174507,0.204538,0.208771,0.228919,0.224523,0.203586,0.201280,0.196330,0.170523,0.175059,0.167626,0.166759,0.172137,0.207826,0.176144,0.183843,0.177847,0.178391
348.000000,109.000000,1391.000000,6.425955,3.673173,5.771483,0.245180,0.226458,0.211606,0.219598,0.224997,0.182976,0.176003,0.203003,0.208091,0.229326,0.237582,0.204918,0.250233,0.202830,0.172364,0.179729,0.163184,0.180245,0.168842,0.227897,0.192396,0.199326,0.182665,0.188610
348.000000,109.000000,1421.000000,6.414811,3.695618,5.753262,0.249959,0.229219,0.225573,0.223611,0.233135,0.187383,0.186221,0.216794,0.213406,0.237212,0.235955,0.214300,0.220481,0.200469,0.184001,0.188895,0.177057,0.170726,0.188595,0.232850,0.192797,0.204447,0.188929,0.188875
348.000000,11.000000,175.000000,6.701727,4.051433,4.284520,0.271953,0.250799,0.242844,0.243439,0.242823,0.212190,0.225823,0.236655,0.223126,0.229061,0.230635,0.237569,0.219101,0.220377,0.183171,0.197135,0.169011,0.172313,0.196511,0.209885,0.180479,0.193075,0.222605,0.190690
348.000000,11.000000,205.000000,6.497588,4.278202,4.862651,0.255196,0.236090,0.232867,0.234755,0.244476,0.197426,0.193259,0.216960,0.214440,0.221488,0.233368,0.220643,0.209772,0.207290,0.180371,0.191111,0.174857,0.175607,0.190710,0.213754,0.179524,0.183761,0.188722,0.199601
348.000000,110.000000,1374.000000,-0.101516,7.728998,5.210328,0.194539,0.168678,0.182945,0.154735,0.174723,0.161006,0.166411,0.165115,0.167941,0.188942,0.173017,0.167888,0.139393,0.153827,0.201349,0.199027,0.185125,0.187057,0.198435,0.216121,0.207326,0.206375,0.150264,0.221561
348.000000,114.000000,1418.000000,-0.071312,7.804762,5.104055,0.203731,0.183512,0.181839,0.173446,0.181896,0.170044,0.178130,0.183271,0.182686,0.189301,0.175656,0.174600,0.154601,0.175617,0.190687,0.207020,0.182315,0.183342,0.202494,0.202390,0.214695,0.202594,0.157837,0.208517
348.000000,114.000000,1448.000000,6.779942,4.054680,4.643925,0.252402,0.235790,0.245433,0.229739,0.256845,0.186817,0.188854,0.217098,0.196479,0.213023,0.213908,0.216640,0.194202,0.190109,0.183465,0.184926,0.166586,0.168056,0.197876,0.202433,0.168856,0.181968,0.204176,0.202350
348.000000,115.000000,1425.000000,6.834377,3.885471,5.400163,0.273523,0.244866,0.242895,0.244416,0.244462,0.187263,0.190662,0.238436,0.238529,0.246235,0.230509,0.246319,0.249842,0.231245,0.171907,0.169362,0.175867,0.182621,0.184714,0.229513,0.192378,0.206796,0.211447,0.203113
348.000000,115.000000,1455.000000,6.362866,4.425975,4.724449,0.261046,0.232626,0.229723,0.222359,0.225980,0.199771,0.204443,0.226100,0.220428,0.225715,0.210030,0.226972,0.206031,0.214365,0.185000,0.181536,0.172584,0.172850,0.202020,0.222466,0.191092,0.198368,0.197432,0.221548
348.000000,117.000000,1455.000000,6.324744,4.714222,4.553085,0.245125,0.237170,0.228444,0.220843,0.227591,0.197390,0.185151,0.221418,0.213986,0.228012,0.222971,0.220983,0.203862,0.199652,0.186067,0.193466,0.175492,0.172925,0.194447,0.194223,0.178754,0.177768,0.187122,0.203946
348.000000,117.000000,1485.000000,0.166598,7.203694,4.474597,0.200524,0.195707,0.189135,0.188909,0.190376,0.170816,0.170630,0.196687,0.202778,0.197309,0.194605,0.185875,0.183863,0.184873,0.204740,0.201481,0.210794,0.193452,0.215578,0.195923,0.215670,0.217002,0.176108,0.200780
348.000000,118.000000,1478.000000,-0.252356,8.601692,4.205160,0.175220,0.188425,0.168059,0.166691,0.163928,0.157056,0.155584,0.202254,0.160171,0.170779,0.157296,0.171775,0.134860,0.163775,0.207065,0.188952,0.194314,0.203005,0.196327,0.181540,0.214949,0.229188,0.160968,0.191194
348.000000,119.000000,1486.000000,9.475400,4.817132,4.587663,0.241965,0.229814,0.227630,0.222762,0.224190,0.184402,0.186110,0.218325,0.210390,0.216627,0.223017,0.218731,0.206452,0.205776,0.150647,0.155717,0.144152,0.141724,0.167581,0.188076,0.149789,0.157319,0.213114,0.174238
348.000000,119.000000,1516.000000,9.142291,5.208856,4.151122,0.256894,0.253442,0.241417,0.246174,0.238822,0.209983,0.217776,0.240246,0.225975,0.232939,0.242503,0.235003,0.214871,0.216140,0.172968,0.166322,0.157140,0.161154,0.184431,0.193353,0.162488,0.173389,0.221979,0.188895
348.000000,119.000000,1546.000000,8.412303,4.810224,4.578878,0.235436,0.253960,0.213543,0.208868,0.217131,0.193621,0.195923,0.230242,0.195855,0.227119,0.220735,0.229383,0.192601,0.190256,0.171148,0.168830,0.144464,0.160568,0.180973,0.176346,0.156820,0.169716,0.200107,0.187640
348.000000,119.000000,1576.000000,8.995682,4.758130,4.799166,0.248461,0.243982,0.232099,0.215256,0.221716,0.186594,0.187550,0.225560,0.198360,0.243747,0.228524,0.217049,0.207217,0.194670,0.151793,0.162783,0.138537,0.159343,0.188540,0.184235,0.153274,0.160671,0.205153,0.193378
348.000000,119.000000,1606.000000,-0.306759,7.477073,4.634587,0.176766,0.158617,0.142797,0.153969,0.146329,0.116837,0.130297,0.178045,0.160680,0.175863,0.157962,0.132303,0.155066,0.130149,0.163825,0.153376,0.170453,0.168633,0.173440,0.172114,0.197356,0.193363,0.126008,0.173506
348.000000,12.000000,176.000000,5.515955,6.335593,3.042087,0.239653,0.247563,0.235250,0.218598,0.225825,0.234013,0.237906,0.264133,0.229926,0.241580,0.233554,0.240474,0.206833,0.215250,0.205662,0.197145,0.186332,0.180556,0.237909,0.173879,0.183036,0.196525,0.223555,0.188312
348.000000,120.000000,1524.000000,5.594583,4.161817,3.784388,0.245584,0.225790,0.220130,0.204234,0.207896,0.201507,0.215513,0.238265,0.220150,0.242324,0.201766,0.235895,0.204500,0.214390,0.193101,0.188421,0.179780,0.186290,0.193768,0.197748,0.184090,0.196975,0.209293,0.226201
348.000000,120.000000,1554.000000,6.848144,5.014670,4.194830,0.251306,0.234887,0.248120,0.224455,0.223321,0.197121,0.221795,0.225279,0.205117,0.224745,0.216721,0.242323,0.200625,0.206830,0.191080,0.200492,0.180260,0.177717,0.200580,0.202311,0.182748,0.185865,0.211772,0.213705
348.000000,120.000000,1584.000000,6.560534,4.410894,4.665574,0.248766,0.231910,0.233407,0.224632,0.229510,0.191998,0.203803,0.225079,0.212918,0.227747,0.232726,0.237373,0.218564,0.215302,0.182787,0.190024,0.171696,0.174122,0.190510,0.208727,0.186542,0.188282,0.191799,0.205611
348.000000,121.000000,1598.000000,2.460736,6.250779,5.246245,0.225361,0.208789,0.206676,0.215563,0.217983,0.181567,0.208758,0.212414,0.218862,0.209812,0.216261,0.196014,0.193009,0.206771,0.177577,0.180830,0.180637,0.173615,0.193274,0.201077,0.203409,0.202943,0.184893,0.181369
348.000000,122.000000,1602.000000,1.641967,6.478786,5.117756,0.223082,0.197111,0.180346,0.197945,0.196747,0.165621,0.172256,0.202698,0.224845,0.205972,0.216543,0.176250,0.207166,0.198844,0.177105,0.168874,0.179504,0.181246,0.179938,0.230312,0.206865,0.217631,0.178162,0.175667
348.000000,122.000000,1632.000000,7.461535,3.241345,4.073774,0.217931,0.197524,0.220055,0.208038,0.211857,0.157186,0.197191,0.186616,0.195072,0.190886,0.185599,0.207613,0.176206,0.194211,0.129690,0.133115,0.129052,0.129345,0.152654,0.179850,0.144310,0.157404,0.220368,0.171754
348.000000,122.000000,1662.000000,7.357677,3.424340,4.345310,0.239670,0.221181,0.229391,0.227797,0.230463,0.178712,0.190932,0.208968,0.216969,0.207062,0.205200,0.222272,0.188067,0.214217,0.155816,0.162506,0.150998,0.155023,0.175614,0.198639,0.165192,0.172210,0.212303,0.192544
348.000000,123.000000,1605.000000,6.760995,3.750204,5.481703,0.226550,0.210563,0.206285,0.213314,0.212563,0.171831,0.169636,0.209355,0.208004,0.212193,0.216523,0.195051,0.197255,0.201018,0.165384,0.155947,0.156902,0.158834,0.170067,0.197176,0.174821,0.189588,0.194098,0.173274
348.000000,124.000000,1630.000000,1.532693,7.205163,3.566356,0.205257,0.215751,0.172966,0.184088,0.186605,0.180062,0.189845,0.206609,0.178559,0.186759,0.199628,0.184000,0.157889,0.177198,0.179593,0.174557,0.181942,0.187122,0.195704,0.182087,0.183254,0.206620,0.178234,0.194978
348.000000,125.000000,1631.000000,6.612158,4.370247,4.595742,0.250790,0.244768,0.229653,0.225298,0.233000,0.204601,0.211779,0.229259,0.212050,0.240066,0.231459,0.248356,0.222826,0.208689,0.181677,0.184367,0.167955,0.171464,0.188257,0.205674,0.179160,0.186112,0.196772,0.194160
348.000000,128.000000,1648.000000,2.030229,7.367265,3.543387,0.176441,0.172103,0.167780,0.160992,0.153417,0.159609,0.160588,0.192572,0.172277,0.184751,0.171663,0.162582,0.193214,0.164640,0.163305,0.144899,0.158241,0.166953,0.174150,0.165454,0.161954,0.198902,0.185946,0.156907
348.000000,128.000000,1678.000000,1.888122,7.073708,4.237761,0.232276,0.210393,0.199483,0.213822,0.213441,0.184107,0.181446,0.226124,0.197940,0.207747,0.202463,0.194827,0.179804,0.187143,0.204805,0.194269,0.190077,0.193498,0.188496,0.196600,0.191592,0.210751,0.195753,0.213464
348.000000,129.000000,1650.000000,-0.133023,7.346417,4.343053,0.180593,0.174832,0.163393,0.163167,0.168920,0.147429,0.166205,0.174644,0.177458,0.177849,0.185601,0.167199,0.152290,0.169359,0.181475,0.175368,0.181163,0.181277,0.187788,0.187647,0.203225,0.208977,0.155795,0.189048
348.000000,13.000000,181.000000,5.279407,6.341804,3.162639,0.218718,0.229216,0.211553,0.206009,0.209878,0.216529,0.222088,0.250805,0.210319,0.218367,0.216619,0.216415,0.187024,0.197153,0.195070,0.183406,0.181155,0.178818,0.224513,0.171155,0.186125,0.195959,0.206412,0.191349
348.000000,130.000000,1653.000000,1.424363,6.487020,5.214172,0.220766,0.203112,0.179815,0.172893,0.184739,0.169100,0.173986,0.198638,0.197951,0.212187,0.196181,0.201484,0.187485,0.180106,0.186404,0.173982,0.166573,0.177811,0.176487,0.214353,0.198039,0.204823,0.165898,0.204440
348.000000,131.000000,1672.000000,0.507834,7.313810,4.601552,0.201026,0.190038,0.170042,0.174838,0.177681,0.156451,0.160820,0.195637,0.180384,0.178166,0.182993,0.175643,0.160306,0.172582,0.186069,0.185797,0.184296,0.200795,0.181325,0.184776,0.185624,0.207053,0.167366,0.194564
348.000000,132.000000,1678.000000,7.145307,5.134089,2.593292,0.248909,0.242902,0.245233,0.237276,0.229223,0.211485,0.238513,0.240324,0.226680,0.228117,0.218132,0.243253,0.203623,0.221353,0.191980,0.180794,0.185061,0.175692,0.193149,0.178960,0.166961,0.179358,0.229234,0.213225
348.000000,132.000000,1708.000000,7.922239,3.578856,4.235157,0.229993,0.222946,0.225725,0.227233,0.234995,0.197646,0.194078,0.217487,0.209078,0.212339,0.223970,0.215689,0.194980,0.198349,0.159731,0.157687,0.149821,0.154621,0.171917,0.191852,0.161996,0.173759,0.221746,0.195431
348.000000,132.000000,1738.000000,9.095162,4.928663,3.128863,0.213161,0.211503,0.221088,0.219286,0.211930,0.169329,0.211938,0.197581,0.190655,0.196295,0.213396,0.197735,0.175803,0.188575,0.139200,0.135679,0.129159,0.136100,0.152190,0.163456,0.135872,0.153512,0.225109,0.164736
348.000000,132.000000,1768.000000,7.462347,3.325090,4.181773,0.203643,0.197665,0.203782,0.202629,0.207765,0.157240,0.162574,0.190414,0.188835,0.191083,0.193021,0.202742,0.170835,0.182897,0.134523,0.140129,0.130215,0.137331,0.150257,0.176983,0.149046,0.158664,0.202650,0.178969
348.000000,132.000000,1798.000000,7.292858,3.281318,4.179020,0.221593,0.201197,0.211964,0.204668,0.211938,0.157126,0.173533,0.190028,0.186009,0.190556,0.193717,0.206822,0.171588,0.189454,0.139614,0.145957,0.130694,0.138541,0.157823,0.190776,0.153480,0.170802,0.197754,0.197854
348.000000,132.000000,1828.000000,7.362969,3.272028,4.149533,0.226149,0.201312,0.218214,0.216187,0.217388,0.166457,0.208486,0.193103,0.188188,0.195673,0.200222,0.211213,0.179424,0.189761,0.143382,0.145975,0.138986,0.140691,0.167100,0.190993,0.160651,0.174392,0.206744,0.194768
348.000000,132.000000,1858.000000,7.147974,3.581297,4.631643,0.233562,0.220826,0.223118,0.223311,0.222328,0.182837,0.190829,0.221235,0.217381,0.217360,0.211314,0.226990,0.195081,0.214447,0.164540,0.169058,0.162608,0.164045,0.184386,0.197240,0.170319,0.179092,0.213042,0.214991
348.000000,132.000000,1888.000000,7.632142,3.801659,5.034982,0.216744,0.228210,0.212098,0.222624,0.215806,0.159175,0.158150,0.190203,0.208421,0.197885,0.194796,0.197652,0.193996,0.202362,0.132522,0.145358,0.154332,0.149124,0.169855,0.174465,0.158045,0.157646,0.197183,0.181096
348.000000,132.000000,1918.000000,6.972486,3.708947,4.870000,0.231975,0.243655,0.212897,0.214201,0.219314,0.169077,0.169070,0.222175,0.204131,0.215911,0.211321,0.225642,0.195297,0.201481,0.166865,0.166750,0.165793,0.168771,0.181152,0.199413,0.170275,0.189527,0.202144,0.197772
348.000000,132.000000,1948.000000,7.982973,3.591739,4.175299,0.221654,0.223594,0.212995,0.218837,0.219454,0.185527,0.176828,0.204337,0.202468,0.202652,0.208340,0.215244,0.183998,0.196025,0.146897,0.149177,0.143289,0.144153,0.164763,0.174167,0.147717,0.158999,0.219276,0.187908
348.000000,132.000000,1978.000000,7.928709,3.563508,4.196259,0.233479,0.231346,0.223969,0.234101,0.240551,0.202736,0.201995,0.227788,0.211036,0.212761,0.225556,0.218656,0.189773,0.205627,0.160975,0.154238,0.150142,0.156556,0.180906,0.186651,0.161690,0.175413,0.224453,0.185865
348.000000,132.000000,2008.000000,7.824202,3.630862,4.563601,0.212991,0.215994,0.210299,0.218116,0.215479,0.186481,0.185086,0.209401,0.202615,0.202085,0.218243,0.201715,0.188530,0.191496,0.151572,0.153779,0.151975,0.150849,0.167609,0.186115,0.158693,0.170052,0.214660,0.186496
348.000000,132.000000,2038.000000,7.900189,3.686699,4.954535,0.219302,0.220852,0.218006,0.227685,0.222710,0.187034,0.182155,0.204001,0.205057,0.208852,0.223744,0.203619,0.196011,0.193686,0.154085,0.156672,0.152606,0.155778,0.164721,0.194860,0.168794,0.177343,0.215533,0.186304
348.000000,132.000000,2068.000000,7.361549,4.025290,4.742479,0.224458,0.229505,0.215113,0.225762,0.219681,0.197888,0.197166,0.220644,0.213539,0.209545,0.221183,0.210382,0.193716,0.198883,0.165448,0.164254,0.162772,0.167601,0.179841,0.195874,0.175302,0.182984,0.213687,0.199928
348.000000,132.000000,2098.000000,7.557492,3.972628,4.601985,0.214118,0.216533,0.211088,0.215491,0.215828,0.190393,0.192166,0.206569,0.199374,0.209546,0.218708,0.208450,0.191494,0.191080,0.159055,0.159372,0.155525,0.160978,0.172322,0.189544,0.168100,0.177255,0.212256,0.199641
348.000000,132.000000,2128.000000,7.613661,3.879657,5.041257,0.224677,0.221840,0.217569,0.229265,0.218434,0.187935,0.184581,0.212479,0.208639,0.211535,0.220825,0.201561,0.197000,0.194728,0.157026,0.163393,0.156075,0.157637,0.172273,0.196645,0.172571,0.176692,0.206440,0.191697
348.000000,132.000000,2158.000000,7.951236,3.638086,4.927311,0.220889,0.229088,0.216672,0.223976,0.218681,0.191983,0.183528,0.213369,0.208370,0.212663,0.229604,0.206528,0.203891,0.196576,0.154821,0.155775,0.152063,0.154603,0.163855,0.197019,0.167233,0.177292,0.221331,0.182798
348.000000,132.000000,2188.000000,9.517663,4.651198,4.541178,0.238716,0.225468,0.222026,0.222755,0.231954,0.175644,0.179166,0.211340,0.213684,0.213493,0.217770,0.224091,0.194630,0.218300,0.143696,0.148290,0.144765,0.146935,0.167926,0.195788,0.154961,0.161259,0.224477,0.184681
348.000000,132.000000,2218.000000,6.590663,4.413089,4.574337,0.241640,0.218991,0.220062,0.204289,0.208400,0.191404,0.198905,0.215652,0.212969,0.230602,0.212411,0.227523,0.192497,0.213146,0.180332,0.182640,0.161991,0.167191,0.178278,0.193155,0.173952,0.172344,0.187703,0.210713
348.000000,135.000000,1691.000000,1.471023,8.652678,3.540772,0.190664,0.186763,0.187118,0.167981,0.172029,0.177026,0.188311,0.189178,0.175761,0.192822,0.182518,0.181951,0.172235,0.166362,0.180089,0.189389,0.180280,0.183016,0.185084,0.182181,0.192857,0.194206,0.163096,0.196130
348.000000,138.000000,1698.000000,1.825891,6.240506,5.228922,0.208804,0.210396,0.190688,0.191745,0.192772,0.162955,0.161158,0.192421,0.192824,0.217132,0.216053,0.196860,0.193670,0.180384,0.173534,0.175298,0.161287,0.175260,0.169261,0.213305,0.184292,0.189020,0.174105,0.199111
348.000000,138.000000,1728.000000,9.044014,5.002761,3.076981,0.223166,0.213201,0.221557,0.217371,0.217797,0.178754,0.199030,0.204158,0.185134,0.196827,0.200404,0.201370,0.170407,0.185901,0.135822,0.136353,0.129318,0.132997,0.157811,0.157872,0.125893,0.146104,0.222471,0.162336
348.000000,138.000000,1758.000000,8.803949,4.630845,4.978501,0.269461,0.246031,0.247832,0.249869,0.256635,0.193506,0.198535,0.233213,0.225725,0.243894,0.252283,0.246253,0.235027,0.224195,0.177105,0.186838,0.166907,0.172977,0.194451,0.206429,0.172403,0.181109,0.214623,0.193031
348.000000,140.000000,1708.000000,1.651868,8.631560,3.536870,0.200083,0.189364,0.193613,0.175393,0.178018,0.194069,0.202631,0.193107,0.191695,0.205954,0.188907,0.196685,0.190481,0.183577,0.179816,0.192022,0.184447,0.180706,0.193854,0.184782,0.198550,0.194370,0.178627,0.202956
348.000000,141.000000,1728.000000,1.400887,8.769559,3.592933,0.191196,0.196820,0.182138,0.175531,0.174648,0.186620,0.193447,0.193981,0.185805,0.191534,0.182830,0.186595,0.174868,0.173906,0.190581,0.196545,0.199999,0.194456,0.201813,0.180900,0.195809,0.207392,0.171738,0.196444
348.000000,149.000000,1771.000000,2.117208,7.242033,3.462446,0.193795,0.188272,0.169946,0.170800,0.170517,0.153315,0.162534,0.211149,0.183675,0.192209,0.193737,0.170592,0.200045,0.184830,0.175944,0.144173,0.164076,0.175843,0.175565,0.170535,0.156415,0.206882,0.175386,0.151186
348.000000,149.000000,1801.000000,4.581161,5.901137,3.893557,0.223792,0.209396,0.213212,0.206929,0.196295,0.205102,0.197882,0.227929,0.220139,0.212505,0.203593,0.210186,0.221488,0.214895,0.194246,0.183914,0.185560,0.176268,0.187874,0.182753,0.171388,0.207956,0.204551,0.168490
348.000000,151.000000,1787.000000,6.992390,4.699521,2.840806,0.260468,0.247466,0.263570,0.228451,0.249588,0.223877,0.225990,0.251592,0.224732,0.249145,0.222303,0.271917,0.221433,0.220984,0.209246,0.207994,0.198036,0.187784,0.206819,0.192156,0.165059,0.178041,0.208365,0.214052
348.000000,151.000000,1817.000000,8.881918,4.665459,4.924637,0.242269,0.240049,0.243012,0.228265,0.240972,0.178474,0.184182,0.223438,0.207473,0.233424,0.234746,0.254403,0.214617,0.212442,0.166478,0.167201,0.157063,0.165280,0.170173,0.201789,0.161675,0.171475,0.201926,0.180932
348.000000,151.000000,1847.000000,1.406316,6.601846,5.174693,0.218952,0.203510,0.182687,0.179104,0.190022,0.174614,0.178922,0.185831,0.192798,0.209404,0.194209,0.203014,0.183446,0.183001,0.188955,0.197376,0.171065,0.177224,0.175219,0.198398,0.193705,0.195676,0.168084,0.219118
348.000000,156.000000,1840.000000,-0.009549,7.309024,4.255949,0.191666,0.190156,0.181196,0.184263,0.175669,0.173504,0.181346,0.200762,0.203773,0.193866,0.190198,0.178665,0.178914,0.179314,0.191149,0.172347,0.198588,0.194032,0.197095,0.193570,0.201736,0.216039,0.182322,0.209495
348.000000,157.000000,1863.000000,1.634452,6.468288,5.103784,0.218661,0.201762,0.189079,0.187802,0.197451,0.172048,0.177524,0.197036,0.197521,0.211690,0.202294,0.186736,0.191247,0.205559,0.173565,0.187920,0.169807,0.180507,0.191036,0.202706,0.194782,0.209099,0.181212,0.196445
348.000000,157.000000,1893.000000,2.411063,6.180237,4.943639,0.207243,0.210496,0.202360,0.174855,0.192701,0.171375,0.188163,0.188451,0.173419,0.192396,0.194974,0.184139,0.182821,0.169534,0.174542,0.156349,0.168572,0.172663,0.174488,0.194115,0.173124,0.198461,0.178115,0.173319
348.000000,159.000000,1902.000000,1.702030,6.433380,5.132292,0.200298,0.191391,0.189999,0.180566,0.191574,0.168519,0.162822,0.180764,0.178787,0.185536,0.193096,0.182924,0.181934,0.187657,0.173680,0.171721,0.170661,0.166310,0.181152,0.203317,0.180621,0.206276,0.193497,0.161063
348.000000,159.000000,1932.000000,1.763194,6.367189,5.173299,0.198514,0.195565,0.178287,0.172198,0.185361,0.174672,0.160548,0.171837,0.173653,0.183945,0.196522,0.172602,0.184506,0.177653,0.171927,0.167339,0.168954,0.170797,0.181089,0.199833,0.171318,0.201116,0.184397,0.186349
348.000000,159.000000,1962.000000,6.185032,3.908467,4.341053,0.213930,0.209953,0.205687,0.182939,0.199962,0.163628,0.196212,0.216148,0.189268,0.210138,0.201464,0.198142,0.180509,0.186113,0.168984,0.150220,0.159814,0.142879,0.168157,0.165696,0.169747,0.185769,0.185867,0.192355
348.000000,159.000000,1992.000000,6.034121,3.915572,4.287353,0.208650,0.207554,0.204952,0.189112,0.203102,0.163791,0.198783,0.199026,0.182089,0.195897,0.198093,0.189387,0.180823,0.178953,0.170963,0.153408,0.156090,0.142468,0.179336,0.177392,0.175369,0.191458,0.186809,0.191177
348.000000,159.000000,2022.000000,2.521825,6.044823,4.896914,0.205107,0.196217,0.194383,0.176588,0.206083,0.144911,0.178484,0.172726,0.168783,0.178566,0.183693,0.180207,0.177832,0.168702,0.156795,0.165355,0.153041,0.150072,0.168157,0.179267,0.173198,0.188543,0.177727,0.170951
348.000000,159.000000,2052.000000,2.551840,6.010913,4.874741,0.209792,0.206120,0.203110,0.191375,0.210102,0.154602,0.172400,0.183449,0.174210,0.193162,0.196025,0.181138,0.180248,0.171509,0.159650,0.166836,0.153191,0.161619,0.171216,0.187542,0.170659,0.188711,0.189717,0.169064
348.000000,159.000000,2082.000000,6.415708,3.859642,4.315797,0.224828,0.214783,0.212230,0.202171,0.222304,0.171975,0.194494,0.208934,0.184793,0.197315,0.203196,0.198054,0.191855,0.189120,0.158556,0.160225,0.158212,0.153688,0.178075,0.184824,0.166509,0.189095,0.192975,0.171065
348.000000,160.000000,1942.000000,0.885504,6.207566,5.359728,0.191744,0.185111,0.162673,0.166014,0.166521,0.148899,0.150315,0.187835,0.175163,0.183889,0.189321,0.183376,0.174276,0.169450,0.172193,0.163440,0.168149,0.165051,0.174439,0.191734,0.189714,0.200263,0.173452,0.204818
348.000000,161.000000,2007.000000,0.881962,6.126691,5.424709,0.184405,0.176861,0.160795,0.157266,0.169447,0.146785,0.132673,0.161643,0.172098,0.180944,0.202727,0.180144,0.191959,0.157506,0.166358,0.168711,0.148296,0.160099,0.163939,0.205719,0.181147,0.185886,0.157065,0.190312
348.000000,164.000000,2061.000000,0.883672,6.124385,5.430652,0.192199,0.172363,0.166297,0.159113,0.175819,0.144231,0.136401,0.176010,0.177340,0.172728,0.179788,0.188504,0.192023,0.163937,0.163967,0.159453,0.158045,0.151515,0.172612,0.217049,0.197880,0.195449,0.159128,0.205240
348.000000,165.000000,2072.000000,0.855891,6.136723,5.415954,0.189978,0.178648,0.167610,0.162459,0.170779,0.157037,0.150505,0.174458,0.179101,0.187549,0.203104,0.196038,0.196162,0.169351,0.165753,0.166342,0.157779,0.156699,0.175217,0.197529,0.185181,0.182135,0.164640,0.199326
348.000000,166.000000,2087.000000,1.522029,7.083554,4.327942,0.213470,0.206240,0.186645,0.192670,0.203335,0.175296,0.178417,0.207629,0.188168,0.192542,0.201056,0.182783,0.182771,0.181886,0.194612,0.191201,0.186719,0.198511,0.189423,0.196197,0.192274,0.209499,0.173686,0.187407
348.000000,166.000000,2117.000000,2.359769,6.207324,5.037528,0.218361,0.210138,0.207672,0.194768,0.208123,0.170684,0.187404,0.200689,0.185470,0.201489,0.197117,0.191977,0.190918,0.181656,0.177328,0.178313,0.170994,0.173261,0.182471,0.189950,0.187562,0.199720,0.178782,0.181797
348.000000,166.000000,2147.000000,1.782832,6.357209,5.112316,0.194564,0.185377,0.173218,0.167786,0.181687,0.144654,0.151315,0.158806,0.170368,0.178022,0.177998,0.168796,0.179092,0.167766,0.164390,0.182777,0.159739,0.170164,0.167294,0.192311,0.170686,0.187611,0.155794,0.172660
348.000000,166.000000,2177.000000,2.717223,8.201188,3.549445,0.214174,0.216349,0.215042,0.197903,0.206455,0.212702,0.211416,0.223385,0.204798,0.215598,0.198814,0.221465,0.184071,0.192010,0.217414,0.210949,0.199164,0.185074,0.212980,0.181211,0.198744,0.191788,0.201597,0.223349
348.000000,166.000000,2207.000000,1.823731,6.370425,5.099488,0.209889,0.208486,0.189051,0.189627,0.197873,0.164678,0.168849,0.197907,0.189682,0.200011,0.198873,0.179982,0.189648,0.175076,0.175098,0.183404,0.165572,0.173328,0.188793,0.193980,0.195088,0.202140,0.179631,0.197212
348.000000,167.000000,2093.000000,1.104914,8.530726,3.486297,0.173056,0.179216,0.170750,0.147270,0.141754,0.156055,0.162449,0.175760,0.148215,0.182061,0.159303,0.166861,0.166756,0.138340,0.176057,0.171958,0.174151,0.171972,0.186143,0.175689,0.178473,0.185990,0.163547,0.195593
348.000000,169.000000,2134.000000,0.853674,6.139294,5.416329,0.177485,0.170201,0.157726,0.146732,0.158979,0.143480,0.143125,0.163172,0.173608,0.183642,0.189967,0.187906,0.179821,0.163527,0.162006,0.163237,0.153008,0.148676,0.169077,0.200634,0.186650,0.182135,0.159638,0.192536
348.000000,171.000000,2230.000000,5.598561,4.188619,3.723989,0.233129,0.230604,0.214144,0.195016,0.194114,0.207850,0.209260,0.244886,0.201473,0.231295,0.192576,0.223299,0.188893,0.194782,0.197785,0.189779,0.172556,0.179279,0.187505,0.179628,0.178735,0.192770,0.197880,0.213298
348.000000,171.000000,2260.000000,8.647120,4.981050,3.156188,0.256112,0.255869,0.249495,0.234752,0.239643,0.222689,0.217977,0.265982,0.234883,0.241415,0.222457,0.240440,0.201069,0.222163,0.170099,0.168341,0.151066,0.156874,0.184993,0.182240,0.166725,0.185845,0.234916,0.209610
348.000000,171.000000,2290.000000,5.506334,4.038432,3.925293,0.205290,0.202333,0.178826,0.161621,0.173627,0.167496,0.176557,0.204059,0.180310,0.207808,0.187821,0.187412,0.163122,0.171148,0.159722,0.166607,0.137082,0.151204,0.178023,0.184144,0.169673,0.195344,0.161736,0.189689
348.000000,171.000000,2320.000000,5.572757,4.033177,3.931141,0.211383,0.214851,0.188524,0.175942,0.179289,0.183134,0.187352,0.216054,0.187001,0.214682,0.196994,0.199750,0.179479,0.173528,0.157271,0.149511,0.148005,0.153758,0.187347,0.183729,0.174017,0.194284,0.182336,0.206445
348.000000,171.000000,2350.000000,0.209255,7.962256,3.960934,0.161735,0.173968,0.147721,0.126952,0.137059,0.148233,0.156442,0.167605,0.149743,0.182945,0.160186,0.151229,0.135253,0.126395,0.156447,0.139915,0.151020,0.158471,0.188358,0.177654,0.176383,0.199200,0.143416,0.180998
348.000000,171.000000,2380.000000,0.914964,7.330170,3.293002,0.203806,0.208279,0.175499,0.175719,0.188053,0.150310,0.148300,0.233870,0.173860,0.183400,0.161287,0.173268,0.162544,0.160810,0.182838,0.169660,0.148129,0.170618,0.201089,0.175130,0.182566,0.204199,0.156386,0.189808
348.000000,171.000000,2410.000000,6.582451,3.799518,5.560220,0.269812,0.246905,0.242541,0.248067,0.261592,0.192240,0.190492,0.238377,0.229867,0.244532,0.249614,0.218822,0.233503,0.224386,0.188046,0.196229,0.179354,0.180110,0.196406,0.219413,0.193806,0.202899,0.198141,0.197329
348.000000,173.000000,2272.000000,8.806419,4.832828,4.635005,0.253861,0.257754,0.234163,0.223798,0.230763,0.199876,0.202127,0.246996,0.217326,0.235353,0.227662,0.241164,0.205962,0.213036,0.180023,0.169597,0.160491,0.170428,0.184392,0.189748,0.155546,0.180039,0.210837,0.198602
348.000000,173.000000,2302.000000,10.385345,5.793816,4.540359,0.215850,0.218216,0.215647,0.199711,0.203064,0.176509,0.169952,0.208248,0.190942,0.196939,0.204236,0.194916,0.172675,0.187848,0.136706,0.134687,0.118242,0.134889,0.151903,0.151659,0.125318,0.141578,0.200008,0.138716
348.000000,173.000000,2332.000000,8.936412,5.462594,3.768772,0.268332,0.261466,0.262959,0.241457,0.257502,0.217930,0.218388,0.256151,0.231975,0.241594,0.244262,0.240704,0.219297,0.227657,0.190450,0.188006,0.155439,0.167759,0.205155,0.197335,0.167197,0.181566,0.211405,0.175964
348.000000,173.000000,2362.000000,8.921704,5.700584,3.741488,0.259369,0.253464,0.246142,0.238916,0.244227,0.210378,0.205396,0.247770,0.223264,0.234538,0.233544,0.236535,0.210585,0.220567,0.183087,0.182699,0.155677,0.160703,0.191002,0.179511,0.154474,0.169066,0.209356,0.177630
348.000000,175.000000,2402.000000,1.290647,7.865212,3.044806,0.203761,0.219498,0.203309,0.176663,0.183818,0.199238,0.194230,0.251873,0.192249,0.205088,0.180643,0.208505,0.173775,0.183483,0.218133,0.189199,0.183361,0.176786,0.208867,0.169063,0.181316,0.209528,0.176870,0.187876
348.000000,175.000000,2432.000000,6.234049,5.483941,2.476724,0.232063,0.232135,0.231709,0.200849,0.207981,0.230130,0.233991,0.260399,0.211287,0.237169,0.208688,0.235926,0.203557,0.211651,0.210829,0.200531,0.188329,0.172273,0.212573,0.163210,0.171766,0.186803,0.205236,0.220202
348.000000,176.000000,2404.000000,8.794796,5.179292,3.618130,0.249383,0.240066,0.238136,0.225439,0.231676,0.198777,0.206195,0.243942,0.217439,0.224358,0.213570,0.223616,0.201162,0.209721,0.175402,0.168039,0.146251,0.150335,0.184430,0.183721,0.165795,0.178145,0.212826,0.184717
348.000000,179.000000,2438.000000,2.316615,6.288106,5.145567,0.242707,0.214034,0.224270,0.213322,0.224743,0.198334,0.204129,0.212649,0.211633,0.217369,0.205528,0.208038,0.193459,0.207409,0.192820,0.209009,0.187558,0.173171,0.199085,0.230771,0.222119,0.209495,0.190781,0.204605
348.000000,179.000000,2468.000000,7.982458,3.677923,5.008957,0.220263,0.217709,0.218634,0.221989,0.218735,0.184305,0.177445,0.198851,0.205319,0.202635,0.226332,0.206128,0.199947,0.200799,0.146504,0.148801,0.143939,0.150967,0.159485,0.187998,0.158587,0.166758,0.210088,0.187244
348.000000,179.000000,2498.000000,7.688529,3.628697,4.663003,0.218782,0.223026,0.206988,0.218587,0.215999,0.193061,0.186116,0.214224,0.215989,0.206175,0.216741,0.205427,0.198091,0.206694,0.154610,0.156810,0.152582,0.161006,0.169367,0.197520,0.168425,0.174407,0.215640,0.185577
348.000000,179.000000,2528.000000,7.819520,3.694184,4.345018,0.217234,0.215998,0.216011,0.218761,0.215731,0.184844,0.194615,0.203916,0.197568,0.201021,0.213779,0.205594,0.184693,0.191772,0.150358,0.154433,0.143609,0.147784,0.168427,0.184115,0.159939,0.169259,0.219235,0.191160
348.000000,179.000000,2558.000000,8.068950,3.724636,4.973034,0.240230,0.238197,0.225961,0.237657,0.225838,0.198241,0.187386,0.227746,0.220410,0.219685,0.237290,0.227477,0.207130,0.214908,0.162519,0.162937,0.155839,0.158575,0.177582,0.207978,0.175407,0.181469,0.219758,0.195770
348.000000,179.000000,2588.000000,7.511994,3.637872,4.627005,0.230127,0.231734,0.217901,0.218558,0.225486,0.195752,0.185732,0.228020,0.221417,0.208056,0.221593,0.208077,0.192835,0.210352,0.171634,0.160730,0.157149,0.169175,0.167866,0.181122,0.151362,0.175373,0.207710,0.194697
348.000000,179.000000,2618.000000,7.575025,3.513920,4.564554,0.233545,0.230444,0.227004,0.227361,0.227020,0.193786,0.191737,0.224989,0.221398,0.212573,0.215444,0.217107,0.196477,0.212921,0.162710,0.163682,0.161785,0.164380,0.176040,0.194526,0.165812,0.173830,0.219705,0.193901
348.000000,179.000000,2648.000000,7.022677,3.642806,4.850075,0.211764,0.216476,0.209312,0.207887,0.213183,0.170055,0.165038,0.199985,0.207554,0.211708,0.210629,0.216558,0.193895,0.199936,0.162370,0.162547,0.153667,0.168364,0.167654,0.191090,0.158115,0.170568,0.209662,0.195819
348.000000,18.000000,203.000000,-0.940193,8.419539,4.239036,0.138215,0.130203,0.119273,0.114623,0.113233,0.100221,0.119347,0.128392,0.130215,0.152468,0.139981,0.127850,0.124649,0.128117,0.145706,0.133334,0.141326,0.151663,0.176052,0.175578,0.160854,0.184893,0.149548,0.171072
348.000000,180.000000,2444.000000,6.355672,5.632651,2.363827,0.240164,0.240392,0.246294,0.219211,0.226359,0.243061,0.241639,0.251039,0.230481,0.242039,0.227840,0.249728,0.219331,0.227853,0.209923,0.205562,0.200255,0.184399,0.213073,0.174358,0.178642,0.186487,0.222459,0.213057
348.000000,181.000000,2476.000000,2.563095,5.992691,4.861547,0.209201,0.198297,0.193339,0.181687,0.203706,0.148494,0.150964,0.170647,0.174830,0.188489,0.191981,0.180135,0.194307,0.173993,0.157603,0.175049,0.152405,0.158054,0.167677,0.188205,0.174657,0.179034,0.170112,0.181314
348.000000,181.000000,2506.000000,2.547370,5.995603,4.864785,0.204453,0.198842,0.181859,0.184968,0.190423,0.147495,0.147914,0.167564,0.159620,0.181542,0.188781,0.177801,0.168585,0.163462,0.163997,0.171556,0.158595,0.161846,0.166848,0.181005,0.162994,0.179886,0.165904,0.177123
348.000000,181.000000,2536.000000,2.535491,6.024563,4.890459,0.216475,0.207697,0.193594,0.194435,0.202124,0.162271,0.167153,0.185753,0.178064,0.189205,0.200065,0.185627,0.189441,0.182590,0.163037,0.170772,0.160150,0.170213,0.164786,0.184425,0.167298,0.180775,0.174554,0.170487
348.000000,181.000000,2566.000000,1.566793,6.462677,5.174354,0.206280,0.188973,0.181528,0.173812,0.184948,0.168163,0.176832,0.162170,0.177928,0.188446,0.189807,0.177819,0.170443,0.169599,0.161650,0.177769,0.162202,0.173480,0.189719,0.185393,0.171904,0.184344,0.156982,0.185608
348.000000,184.000000,2564.000000,7.803835,4.029003,4.335914,0.230988,0.220033,0.232653,0.222894,0.219195,0.194306,0.216584,0.214940,0.204856,0.223457,0.225419,0.219289,0.193613,0.196052,0.167883,0.175281,0.153836,0.158927,0.193162,0.185605,0.171724,0.175784,0.217647,0.199079
348.000000,185.000000,2567.000000,-0.166328,7.423245,4.241246,0.174737,0.167774,0.154709,0.162364,0.160500,0.141309,0.148777,0.184566,0.167792,0.171943,0.166674,0.163993,0.159645,0.157437,0.181706,0.164510,0.169740,0.177699,0.172684,0.186070,0.189201,0.209907,0.165778,0.190450
348.000000,185.000000,2597.000000,7.446856,5.198841,2.374374,0.278482,0.267398,0.274250,0.247076,0.257374,0.234221,0.243739,0.269834,0.235281,0.248988,0.226962,0.259920,0.219872,0.231179,0.207755,0.203646,0.190843,0.177487,0.216964,0.179469,0.162674,0.177910,0.223904,0.205306
348.000000,185.000000,2627.000000,9.177912,5.404682,3.813969,0.263142,0.252537,0.253427,0.249972,0.242979,0.206393,0.225980,0.250771,0.228666,0.232836,0.231266,0.237639,0.209676,0.218157,0.170288,0.170429,0.160332,0.154737,0.191460,0.189733,0.160348,0.170404,0.222936,0.189459
348.000000,185.000000,2657.000000,6.833376,4.020654,4.678122,0.237850,0.232308,0.227528,0.215645,0.224476,0.179640,0.208655,0.223586,0.215596,0.220329,0.212069,0.219334,0.182464,0.208730,0.172076,0.168893,0.159517,0.162654,0.174573,0.187339,0.159958,0.177702,0.189049,0.208099
348.000000,186.000000,2583.000000,-0.075552,8.047295,4.887969,0.188793,0.183403,0.171065,0.160855,0.174347,0.163332,0.172476,0.174142,0.173095,0.174748,0.182491,0.169334,0.149691,0.165703,0.186063,0.184920,0.181804,0.186572,0.198168,0.187982,0.194917,0.200308,0.141898,0.201343
348.000000,187.000000,2590.000000,-0.362541,7.412668,4.564012,0.187215,0.188969,0.167434,0.170507,0.173128,0.150600,0.161951,0.174994,0.173739,0.182817,0.183956,0.158649,0.148392,0.159672,0.178112,0.178900,0.178064,0.187368,0.192930,0.209914,0.208258,0.214234,0.149410,0.185932
348.000000,191.000000,2609.000000,-0.403510,8.061395,4.702657,0.163997,0.153411,0.161924,0.140588,0.149794,0.150797,0.162051,0.175240,0.162570,0.166217,0.147457,0.166960,0.152880,0.152784,0.199690,0.179596,0.184020,0.182989,0.192018,0.189012,0.195365,0.207343,0.162386,0.205991
348.000000,21.000000,222.000000,-0.197971,7.347100,4.826220,0.209846,0.193819,0.180474,0.183893,0.185688,0.150890,0.161396,0.179215,0.180182,0.188013,0.171277,0.167387,0.163754,0.167865,0.187904,0.184657,0.178528,0.181362,0.181048,0.214088,0.210340,0.213029,0.152553,0.205628
348.000000,21.000000,252.000000,8.160183,3.581958,4.199234,0.230412,0.227382,0.216746,0.230591,0.216886,0.207329,0.219691,0.224215,0.232777,0.215284,0.207394,0.213515,0.190518,0.225378,0.153126,0.147900,0.154087,0.150687,0.169851,0.176707,0.159320,0.169242,0.221644,0.167794
348.000000,21.000000,282.000000,7.102655,3.550478,4.544035,0.231528,0.227331,0.218654,0.197684,0.212131,0.186325,0.180675,0.223751,0.213134,0.224820,0.205823,0.223996,0.185798,0.211534,0.167776,0.165735,0.155906,0.166564,0.178683,0.200803,0.175625,0.178774,0.208393,0.211133
348.000000,21.000000,312.000000,5.621113,4.190599,3.741983,0.215604,0.213035,0.189533,0.175448,0.186062,0.170867,0.165362,0.212116,0.179297,0.218214,0.188570,0.188479,0.179749,0.169319,0.168261,0.166813,0.155668,0.162461,0.161438,0.179767,0.152430,0.167897,0.182655,0.204439
348.000000,21.000000,342.000000,6.790522,4.485693,2.753631,0.250412,0.233632,0.251097,0.214542,0.223276,0.227404,0.241496,0.241283,0.230999,0.257505,0.222394,0.240777,0.207176,0.222703,0.194243,0.187459,0.190544,0.175504,0.203655,0.187134,0.173984,0.177998,0.222691,0.212489
348.000000,21.000000,372.000000,8.362951,4.103533,3.179827,0.195130,0.200941,0.199819,0.196030,0.194491,0.174263,0.190005,0.199026,0.186814,0.178737,0.192327,0.189119,0.153818,0.173672,0.141242,0.129843,0.140062,0.141498,0.161113,0.155989,0.143339,0.158402,0.202614,0.170933
348.000000,23.000000,366.000000,8.570016,4.728199,4.801775,0.234703,0.240024,0.222775,0.222937,0.219877,0.185082,0.191835,0.225636,0.226353,0.238752,0.227704,0.227181,0.220036,0.207636,0.169042,0.169861,0.158115,0.163564,0.173690,0.195299,0.160983,0.174367,0.203694,0.188598
348.000000,23.000000,396.000000,11.524884,7.554451,3.498099,0.240167,0.223916,0.256262,0.202113,0.210105,0.219243,0.237682,0.247796,0.202588,0.227168,0.210456,0.203680,0.209781,0.190977,0.148380,0.143801,0.130910,0.135380,0.174696,0.160005,0.137037,0.147017,0.231148,0.159615
348.000000,23.000000,426.000000,11.363656,7.504508,3.485475,0.254319,0.247356,0.265449,0.239240,0.241127,0.214518,0.245445,0.248331,0.230403,0.234258,0.224823,0.243529,0.196133,0.225882,0.173471,0.166578,0.157163,0.154612,0.188133,0.165508,0.146064,0.162625,0.230244,0.201470
348.000000,23.000000,456.000000,11.393494,7.499534,3.499011,0.250087,0.244551,0.269143,0.234220,0.235117,0.220626,0.257367,0.241524,0.211563,0.227632,0.216938,0.247085,0.194603,0.206084,0.175865,0.157543,0.155055,0.157534,0.185656,0.162774,0.146530,0.164293,0.232416,0.201127
348.000000,27.000000,409.000000,6.857224,4.562087,2.792937,0.261401,0.243886,0.262992,0.217322,0.234690,0.228035,0.239193,0.245968,0.235037,0.248698,0.219047,0.259520,0.212034,0.231623,0.202810,0.198015,0.191746,0.173749,0.204062,0.199894,0.171089,0.182872,0.213791,0.216126
348.000000,28.000000,420.000000,7.183312,3.643411,4.936166,0.231692,0.224994,0.210234,0.208304,0.214794,0.182139,0.181692,0.215102,0.225681,0.213293,0.206479,0.209506,0.190649,0.208213,0.163436,0.162279,0.161949,0.162681,0.174012,0.198376,0.161528,0.181610,0.209809,0.194416
348.000000,28.000000,450.000000,7.972009,3.596157,4.140299,0.234257,0.232872,0.232107,0.230489,0.233894,0.206938,0.207389,0.235086,0.217333,0.221901,0.221977,0.224396,0.207186,0.206040,0.162300,0.162817,0.159644,0.161424,0.177597,0.188800,0.164342,0.176020,0.229835,0.197013
348.000000,28.000000,480.000000,9.017343,4.841636,3.137191,0.215890,0.202810,0.220847,0.211286,0.213275,0.186489,0.209513,0.208116,0.201231,0.199991,0.204953,0.203103,0.173173,0.187693,0.142378,0.138893,0.141187,0.140488,0.161127,0.160238,0.143008,0.154316,0.221849,0.177216
348.000000,28.000000,510.000000,8.386448,4.307693,3.142562,0.236248,0.225468,0.228246,0.225298,0.225791,0.209315,0.210479,0.235864,0.218871,0.219774,0.215578,0.229076,0.193511,0.211047,0.172399,0.168602,0.168064,0.160619,0.189126,0.172543,0.165828,0.172371,0.224653,0.202783
348.000000,32.000000,464.000000,-1.440483,8.534197,4.184801,0.154893,0.133181,0.128314,0.123008,0.113764,0.099171,0.103737,0.127862,0.123436,0.157474,0.143732,0.122207,0.129902,0.122705,0.142346,0.119786,0.141805,0.152777,0.164467,0.196275,0.170254,0.207360,0.134364,0.147391
348.000000,34.000000,479.000000,6.928748,3.716628,5.139175,0.213610,0.207318,0.182300,0.190874,0.190470,0.160081,0.161601,0.214298,0.191492,0.211494,0.199113,0.181229,0.183243,0.182921,0.148909,0.140588,0.157026,0.161970,0.165589,0.180849,0.164637,0.193544,0.203898,0.165173
348.000000,35.000000,488.000000,-1.393380,8.494066,4.204660,0.160485,0.137461,0.128713,0.121264,0.115769,0.092026,0.097109,0.143092,0.127544,0.162184,0.141158,0.126582,0.131057,0.126568,0.150340,0.111163,0.154134,0.167883,0.159577,0.193750,0.170498,0.210187,0.122868,0.142957
348.000000,35.000000,518.000000,2.604394,8.083260,3.696677,0.206305,0.199237,0.204093,0.187790,0.193293,0.190366,0.202040,0.211841,0.202623,0.209764,0.184500,0.201049,0.193558,0.195399,0.199919,0.210508,0.176203,0.162915,0.206950,0.176753,0.199080,0.198263,0.195480,0.198550
348.000000,36.000000,490.000000,8.945719,4.864251,4.713168,0.253603,0.255606,0.240210,0.239639,0.240910,0.199891,0.209251,0.240777,0.224162,0.246407,0.240039,0.239812,0.220155,0.213150,0.172674,0.170574,0.162896,0.164160,0.170406,0.187051,0.152374,0.169854,0.221293,0.190920
348.000000,36.000000,520.000000,7.706706,5.121609,2.282808,0.257678,0.248707,0.255107,0.234606,0.241716,0.222596,0.216324,0.254722,0.230019,0.243038,0.231137,0.252565,0.215295,0.226219,0.193388,0.190824,0.177688,0.165429,0.194981,0.163067,0.145452,0.162128,0.214368,0.220445
348.000000,36.000000,550.000000,9.451111,5.683710,3.882817,0.253447,0.261615,0.247198,0.245122,0.246615,0.204622,0.220017,0.254714,0.227785,0.235721,0.235210,0.239568,0.206612,0.216437,0.179743,0.169871,0.161878,0.165330,0.184756,0.172671,0.148475,0.166895,0.223050,0.194974
348.000000,36.000000,580.000000,9.339239,5.865201,3.687549,0.266636,0.253006,0.258805,0.236896,0.247760,0.228714,0.239416,0.257674,0.246148,0.240947,0.242755,0.249024,0.228267,0.236938,0.183119,0.170081,0.157827,0.159459,0.193907,0.184076,0.157646,0.166012,0.213897,0.188424
348.000000,36.000000,610.000000,7.454850,5.190656,2.274473,0.260381,0.256434,0.269776,0.231846,0.237747,0.244831,0.247114,0.266864,0.242841,0.254981,0.230608,0.267454,0.220995,0.237964,0.202951,0.188349,0.192032,0.173693,0.206794,0.170518,0.156783,0.173137,0.223820,0.211483
348.000000,36.000000,640.000000,9.370420,5.843733,3.646816,0.264504,0.257305,0.262616,0.243310,0.246057,0.224963,0.237243,0.257400,0.238494,0.246456,0.238545,0.252988,0.229081,0.231882,0.188150,0.178645,0.170273,0.163443,0.199937,0.172103,0.155482,0.164229,0.219055,0.203086
348.000000,36.000000,670.000000,1.491627,6.531249,5.170421,0.208448,0.193272,0.192658,0.177531,0.202273,0.174091,0.178644,0.182927,0.202501,0.208332,0.198041,0.185369,0.176173,0.189404,0.183386,0.181087,0.179979,0.191345,0.189122,0.214702,0.200104,0.200037,0.166109,0.206187
348.000000,4.000000,124.000000,4.640013,5.874133,3.885934,0.226335,0.203554,0.226528,0.199026,0.207218,0.212237,0.203637,0.220126,0.215266,0.217467,0.212938,0.215068,0.215997,0.209757,0.194350,0.190140,0.181038,0.171460,0.185022,0.191120,0.177785,0.198064,0.207834,0.184936
348.000000,40.000000,526.000000,2.549183,7.864941,3.853440,0.211825,0.208551,0.190063,0.191187,0.194062,0.186204,0.188419,0.215108,0.193323,0.200881,0.189739,0.201360,0.181549,0.192078,0.185596,0.194428,0.181606,0.175842,0.196953,0.176521,0.191031,0.195297,0.177519,0.206158
348.000000,40.000000,556.000000,7.447613,7.274097,1.938683,0.231035,0.217513,0.221511,0.202673,0.201017,0.214079,0.246223,0.243523,0.213294,0.215909,0.194433,0.226840,0.188120,0.212658,0.172258,0.156322,0.155457,0.156969,0.193940,0.155907,0.148644,0.170091,0.237168,0.200303
348.000000,40.000000,586.000000,9.384620,7.620737,3.094949,0.259375,0.255400,0.253419,0.249544,0.244506,0.229299,0.250902,0.272722,0.235262,0.237485,0.223713,0.240528,0.213707,0.232698,0.180296,0.163006,0.166997,0.166044,0.203015,0.160399,0.148176,0.178544,0.256385,0.183333
348.000000,41.000000,529.000000,6.776473,4.511090,2.754705,0.251394,0.238340,0.254776,0.210675,0.221671,0.224473,0.229330,0.246972,0.238044,0.246844,0.210736,0.252048,0.208767,0.230080,0.199900,0.189808,0.189741,0.169882,0.201567,0.187527,0.167800,0.179280,0.216826,0.211249
348.000000,41.000000,559.000000,7.472790,3.807024,3.784801,0.235983,0.234242,0.223660,0.215942,0.213529,0.205652,0.205190,0.239547,0.223911,0.228014,0.209402,0.241777,0.207986,0.224657,0.161828,0.160412,0.167520,0.170778,0.180882,0.193327,0.167659,0.179393,0.223559,0.217679
348.000000,41.000000,589.000000,8.633387,4.695054,3.171145,0.250000,0.241677,0.238959,0.233058,0.233445,0.215816,0.220830,0.247099,0.222971,0.224710,0.223754,0.241117,0.200691,0.218355,0.173090,0.164049,0.161989,0.147150,0.200291,0.183992,0.170213,0.178920,0.224895,0.202401
348.000000,41.000000,619.000000,6.933951,3.958628,4.710236,0.226334,0.228143,0.216875,0.213273,0.216821,0.187188,0.188768,0.215316,0.207880,0.218272,0.216330,0.220604,0.191599,0.194890,0.172882,0.167702,0.165067,0.170524,0.173036,0.194498,0.164987,0.181906,0.199962,0.205177
348.000000,41.000000,649.000000,8.399456,4.179014,3.146370,0.222419,0.223566,0.211195,0.219330,0.211256,0.201775,0.202208,0.224986,0.212022,0.209313,0.205636,0.213616,0.179261,0.197193,0.160393,0.156766,0.159837,0.164715,0.172207,0.175741,0.157884,0.172710,0.222776,0.195696
348.000000,43.000000,553.000000,-0.553765,7.619569,4.542950,0.173383,0.159176,0.150452,0.134972,0.139102,0.140230,0.141363,0.156028,0.153777,0.166077,0.168252,0.147642,0.144423,0.148384,0.160986,0.150868,0.151498,0.179454,0.166584,0.190397,0.179095,0.201320,0.128373,0.187095
348.000000,45.000000,569.000000,0.262929,7.056417,3.663793,0.165004,0.156359,0.136947,0.141952,0.129326,0.122135,0.136919,0.167360,0.137789,0.171695,0.142619,0.142101,0.130349,0.125555,0.148956,0.131329,0.157481,0.141071,0.177183,0.162332,0.162665,0.183527,0.171166,0.174713
348.000000,5.000000,129.000000,6.175591,3.866574,5.690118,0.220204,0.212953,0.193381,0.195733,0.206538,0.182932,0.189177,0.207635,0.208135,0.223819,0.225496,0.207003,0.205278,0.198717,0.176015,0.182695,0.171117,0.166805,0.166594,0.207866,0.187298,0.191102,0.176530,0.191534
348.000000,51.000000,606.000000,1.988389,7.296131,2.918035,0.212345,0.225395,0.197174,0.196641,0.200460,0.187021,0.207869,0.238234,0.192750,0.206323,0.200007,0.202216,0.175400,0.190715,0.199622,0.176636,0.188976,0.194346,0.216377,0.168398,0.184360,0.202059,0.198080,0.201088
348.000000,54.000000,613.000000,5.615773,6.417715,3.131015,0.211328,0.223165,0.211711,0.202928,0.211816,0.202287,0.206072,0.241007,0.194441,0.208658,0.201010,0.202114,0.177672,0.186929,0.172816,0.163230,0.159406,0.164992,0.232444,0.169451,0.164359,0.191182,0.223166,0.179435
348.000000,55.000000,627.000000,5.755485,3.980155,4.086098,0.198119,0.191770,0.187064,0.179568,0.184435,0.170771,0.182255,0.198177,0.188567,0.194278,0.182716,0.195495,0.171348,0.177159,0.152498,0.136848,0.149424,0.136206,0.187186,0.171703,0.179920,0.181091,0.194417,0.196877
348.000000,55.000000,657.000000,7.255644,4.418616,4.806681,0.248142,0.244963,0.233631,0.242385,0.243078,0.208057,0.197987,0.233553,0.218879,0.228202,0.234393,0.220726,0.210879,0.207650,0.186002,0.181671,0.178184,0.182613,0.193203,0.206625,0.186858,0.188548,0.220615,0.208179
348.000000,55.000000,687.000000,7.445504,3.841835,5.154617,0.227922,0.225286,0.214153,0.228972,0.219099,0.184444,0.181061,0.205650,0.219119,0.212983,0.206837,0.210397,0.196109,0.207455,0.158158,0.164249,0.158749,0.157067,0.169286,0.202720,0.176338,0.180027,0.202823,0.193452
348.000000,55.000000,717.000000,6.644487,4.504066,2.754779,0.234333,0.230510,0.235539,0.212032,0.213238,0.213847,0.218767,0.234808,0.217626,0.231133,0.209207,0.240540,0.187078,0.211017,0.195297,0.182317,0.186778,0.178367,0.199101,0.183740,0.168961,0.180989,0.211680,0.218576
348.000000,55.000000,747.000000,7.149047,3.602096,4.428144,0.193722,0.189281,0.205236,0.157644,0.181279,0.159334,0.159187,0.194807,0.182796,0.194199,0.170113,0.216222,0.168685,0.182052,0.146203,0.139894,0.136808,0.148705,0.179456,0.182646,0.155138,0.151540,0.198331,0.187254
348.000000,56.000000,629.000000,-1.403615,8.523502,4.175395,0.139737,0.117305,0.110813,0.102512,0.091852,0.089396,0.098630,0.115086,0.108541,0.143631,0.112927,0.115076,0.104733,0.113628,0.109533,0.079749,0.130972,0.125908,0.143515,0.176005,0.142641,0.174745,0.129893,0.136230
348.000000,56.000000,659.000000,-0.033161,7.390227,5.082100,0.213646,0.195921,0.184558,0.190681,0.190716,0.184970,0.176064,0.206344,0.186354,0.203510,0.188369,0.181784,0.170540,0.170605,0.189418,0.187725,0.177788,0.173965,0.198725,0.216095,0.215816,0.206271,0.177393,0.215808
348.000000,59.000000,663.000000,-0.095259,7.756277,5.156595,0.186962,0.164939,0.175001,0.173090,0.173797,0.162077,0.169463,0.188476,0.167354,0.176510,0.161904,0.160805,0.135385,0.158755,0.189199,0.189829,0.180852,0.175664,0.200893,0.203040,0.224297,0.202416,0.140340,0.201335
348.000000,6.000000,137.000000,0.509134,7.043242,3.541674,0.183763,0.175899,0.157858,0.161782,0.151449,0.152027,0.156074,0.192986,0.160522,0.180687,0.153127,0.162690,0.140594,0.153065,0.159571,0.148041,0.162056,0.146040,0.187964,0.168165,0.174840,0.189627,0.177540,0.164267
348.000000,60.000000,704.000000,1.864317,7.252984,3.998683,0.212325,0.195642,0.197474,0.191845,0.196135,0.185161,0.189858,0.212528,0.193752,0.206991,0.200686,0.193881,0.186879,0.186719,0.192245,0.180346,0.186507,0.186539,0.197462,0.195285,0.189448,0.206085,0.174919,0.192563
348.000000,61.000000,754.000000,5.586702,4.149589,3.772886,0.232980,0.216743,0.217088,0.181040,0.197175,0.193725,0.201776,0.243429,0.213389,0.230913,0.198435,0.219627,0.184642,0.196689,0.193209,0.179584,0.169352,0.179788,0.197667,0.195043,0.180205,0.183066,0.196638,0.220008
348.000000,61.000000,784.000000,7.231044,3.539226,4.700431,0.224562,0.226604,0.217719,0.213912,0.214854,0.181939,0.181865,0.213821,0.217681,0.219871,0.209414,0.214808,0.192743,0.208056,0.156161,0.157908,0.152952,0.164280,0.165160,0.188002,0.162887,0.174443,0.208648,0.204530
348.000000,61.000000,814.000000,7.372247,3.862148,4.659318,0.221809,0.208302,0.194910,0.185862,0.186040,0.175464,0.192528,0.210345,0.211371,0.215705,0.200743,0.196002,0.211867,0.211291,0.156538,0.156283,0.138424,0.152140,0.166316,0.185640,0.155588,0.168936,0.178198,0.187630
348.000000,61.000000,844.000000,7.137819,4.086691,4.850719,0.212751,0.227261,0.199102,0.200910,0.191481,0.185553,0.186600,0.223973,0.199613,0.189952,0.200347,0.188171,0.174515,0.192195,0.179442,0.156709,0.153599,0.159739,0.180674,0.196412,0.168791,0.187148,0.201669,0.174775
348.000000,61.000000,874.000000,6.530790,3.701761,5.682754,0.249012,0.238385,0.238277,0.235556,0.258275,0.181836,0.172334,0.217557,0.212335,0.225498,0.235384,0.206388,0.217746,0.201458,0.179067,0.175037,0.165671,0.173108,0.184314,0.220026,0.179543,0.196745,0.203751,0.188364
348.000000,61.000000,904.000000,7.753987,3.863960,5.085083,0.229782,0.235298,0.221973,0.230322,0.228563,0.188376,0.172477,0.215925,0.212793,0.208616,0.223245,0.208828,0.206546,0.199036,0.163418,0.162733,0.161869,0.162946,0.167332,0.192441,0.171091,0.179046,0.209701,0.195581
348.000000,61.000000,934.000000,8.132293,4.085929,3.356723,0.254059,0.239628,0.233633,0.240274,0.231444,0.195790,0.225215,0.248660,0.218099,0.230260,0.214312,0.211551,0.211749,0.211385,0.167690,0.153854,0.169479,0.173896,0.182466,0.164933,0.153908,0.182730,0.233755,0.194188
348.000000,64.000000,859.000000,-0.115543,7.516571,5.089062,0.218256,0.193167,0.202236,0.188727,0.190848,0.177275,0.183536,0.208636,0.205807,0.206295,0.193025,0.188767,0.181444,0.184252,0.206644,0.204394,0.196879,0.187535,0.212804,0.229006,0.231662,0.224432,0.180942,0.217262
348.000000,67.000000,1001.000000,7.883243,3.908738,3.513604,0.222552,0.226778,0.213160,0.202739,0.201145,0.198305,0.202852,0.235568,0.226303,0.222704,0.193632,0.223510,0.186448,0.220854,0.159204,0.156853,0.161722,0.159537,0.194423,0.177863,0.167642,0.171113,0.224779,0.197503
348.000000,67.000000,1031.000000,8.365642,4.098345,3.168081,0.214690,0.209158,0.211356,0.206742,0.205957,0.191606,0.206228,0.211668,0.204952,0.197990,0.196089,0.209133,0.167355,0.197992,0.153706,0.148305,0.154084,0.151714,0.185289,0.169379,0.157909,0.163840,0.225359,0.184422
348.000000,67.000000,941.000000,6.741551,4.573529,2.724100,0.257122,0.248920,0.253874,0.228603,0.233987,0.237454,0.236137,0.260142,0.239607,0.245634,0.224816,0.254746,0.203115,0.229329,0.201058,0.191166,0.194283,0.180800,0.214096,0.189184,0.175975,0.185628,0.232461,0.223676
348.000000,67.000000,971.000000,8.311705,4.105968,3.277757,0.230840,0.227090,0.225875,0.217872,0.221433,0.201361,0.211279,0.235251,0.218966,0.214473,0.204539,0.221348,0.192415,0.209730,0.162508,0.156647,0.159186,0.159678,0.183731,0.179067,0.155373,0.173089,0.223772,0.195205
348.000000,68.000000,941.000000,7.443840,5.165373,2.287149,0.266907,0.248719,0.260173,0.237863,0.249944,0.231359,0.236812,0.258314,0.232258,0.253950,0.229103,0.253261,0.217240,0.228541,0.203276,0.199796,0.184468,0.173711,0.214879,0.178023,0.160165,0.171078,0.213830,0.209380
348.000000,68.000000,971.000000,11.415286,7.612087,3.384977,0.243700,0.241697,0.261272,0.220340,0.235931,0.217532,0.226999,0.257254,0.221691,0.235057,0.219352,0.234340,0.199087,0.220463,0.182076,0.170602,0.153732,0.155728,0.204510,0.155446,0.142419,0.153907,0.226906,0.192496
348.000000,7.000000,142.000000,-0.032906,7.402967,5.133732,0.203742,0.184548,0.178407,0.192245,0.175827,0.167529,0.179761,0.193431,0.187741,0.197751,0.193757,0.173734,0.177017,0.170111,0.178407,0.179832,0.162729,0.170014,0.194965,0.209904,0.219857,0.202699,0.158667,0.205610
348.000000,70.000000,945.000000,5.930016,6.623432,3.090433,0.221984,0.242462,0.216212,0.212426,0.221349,0.191310,0.202636,0.273343,0.207704,0.225794,0.206883,0.205736,0.184724,0.185178,0.183847,0.164383,0.166772,0.177148,0.223268,0.152822,0.182236,0.189691,0.221243,0.187574
348.000000,70.000000,975.000000,2.722612,8.366196,3.403472,0.203904,0.201682,0.204779,0.179682,0.187642,0.198664,0.206302,0.218182,0.181621,0.207136,0.184380,0.203555,0.156634,0.168213,0.204591,0.193751,0.189580,0.185384,0.219575,0.167983,0.174899,0.188054,0.196360,0.225137
348.000000,72.000000,953.000000,-1.386500,8.518291,4.181304,0.132159,0.114583,0.109133,0.119867,0.107990,0.092032,0.107205,0.117939,0.116746,0.146065,0.122581,0.111027,0.114432,0.103015,0.135420,0.100941,0.138337,0.130691,0.163770,0.190693,0.167405,0.188686,0.127657,0.149955
348.000000,74.000000,963.000000,-1.363531,8.499290,4.175731,0.166642,0.137400,0.134035,0.116730,0.117425,0.105027,0.108793,0.131006,0.132560,0.156237,0.139742,0.129908,0.141097,0.137197,0.147254,0.119835,0.151255,0.162312,0.156812,0.195244,0.177052,0.200971,0.110596,0.158993
348.000000,78.000000,998.000000,11.481105,7.614591,3.412457,0.262586,0.245185,0.263080,0.215390,0.240953,0.222538,0.246586,0.266349,0.226309,0.245584,0.228754,0.231385,0.222309,0.221514,0.179597,0.170546,0.158434,0.164002,0.188998,0.164167,0.147668,0.159952,0.233054,0.199519
348.000000,8.000000,143.000000,2.496272,6.242978,5.271679,0.232497,0.199587,0.211309,0.217547,0.215766,0.165200,0.218859,0.204975,0.214730,0.209953,0.209373,0.199915,0.208993,0.209030,0.170319,0.179490,0.168686,0.165511,0.183931,0.190007,0.179849,0.190910,0.202166,0.180223
348.000000,80.000000,1007.000000,11.454096,7.616140,3.363969,0.225060,0.211030,0.237812,0.190457,0.216325,0.169519,0.219214,0.220512,0.188099,0.226466,0.211450,0.199631,0.192856,0.191335,0.157235,0.155927,0.135767,0.157349,0.174453,0.145784,0.130456,0.148541,0.229006,0.177746
348.000000,80.000000,1037.000000,10.636085,5.914103,4.494264,0.245375,0.245148,0.233005,0.250197,0.239166,0.203965,0.218345,0.243641,0.216822,0.226103,0.230824,0.231921,0.216444,0.214124,0.161442,0.157141,0.148616,0.144688,0.176274,0.154895,0.138542,0.158767,0.243145,0.176191
348.000000,80.000000,1067.000000,11.423953,7.474441,3.539012,0.263642,0.255256,0.277795,0.237837,0.235556,0.206011,0.255304,0.254247,0.207917,0.230443,0.226259,0.228197,0.206065,0.205162,0.159709,0.152875,0.140614,0.150759,0.197607,0.162200,0.137466,0.158211,0.234048,0.185181
348.000000,80.000000,1097.000000,11.818272,7.733985,3.516146,0.262049,0.253067,0.240140,0.217197,0.222841,0.221684,0.224663,0.256154,0.200068,0.242757,0.229551,0.226214,0.211346,0.193641,0.161531,0.151917,0.142971,0.162185,0.194306,0.171201,0.141518,0.156507,0.231803,0.191873
348.000000,80.000000,1127.000000,9.377926,5.967713,3.688469,0.266258,0.261886,0.250112,0.247332,0.245522,0.226566,0.241227,0.253401,0.246070,0.246899,0.244213,0.260590,0.227437,0.241948,0.177472,0.178124,0.166738,0.172127,0.189124,0.181374,0.154981,0.162770,0.235956,0.196806
348.000000,80.000000,1157.000000,11.324534,7.536217,3.434222,0.250762,0.244681,0.261601,0.234293,0.237248,0.225777,0.252594,0.247961,0.219371,0.229073,0.227665,0.236524,0.198492,0.212769,0.184466,0.168193,0.163825,0.159672,0.200591,0.162853,0.148790,0.164648,0.238992,0.194238
348.000000,80.000000,1187.000000,7.124477,4.136825,3.209448,0.229919,0.231169,0.217811,0.204989,0.205696,0.201554,0.212637,0.231431,0.207574,0.238987,0.233820,0.235842,0.211721,0.210422,0.170558,0.164970,0.157452,0.168617,0.176910,0.172702,0.158006,0.171247,0.207339,0.214216
348.000000,80.000000,1217.000000,9.084402,4.768418,4.830136,0.223307,0.232418,0.223272,0.226338,0.221277,0.174201,0.178813,0.211694,0.206284,0.221106,0.223875,0.221077,0.200895,0.194556,0.154994,0.156846,0.150922,0.150023,0.168345,0.179529,0.142949,0.155207,0.205574,0.181476
348.000000,80.000000,1247.000000,9.252670,4.777334,4.890209,0.236412,0.236404,0.231453,0.225787,0.227489,0.181211,0.174204,0.214178,0.210288,0.234469,0.231989,0.221841,0.209019,0.201645,0.159547,0.161299,0.150235,0.154426,0.172331,0.175229,0.138003,0.151216,0.203721,0.182345
348.000000,80.000000,1277.000000,10.537263,5.828111,4.550248,0.243977,0.243292,0.233688,0.242749,0.235405,0.206956,0.207952,0.227654,0.219002,0.222642,0.233817,0.222381,0.206985,0.214260,0.158645,0.155108,0.144619,0.146696,0.165839,0.167484,0.141255,0.155227,0.219980,0.166002
348.000000,80.000000,1307.000000,9.119318,4.925775,3.180660,0.220032,0.207046,0.221536,0.212111,0.203925,0.164282,0.217325,0.189739,0.173801,0.178961,0.195362,0.186675,0.160516,0.172017,0.140693,0.127655,0.116467,0.132545,0.157620,0.168161,0.132771,0.155807,0.215590,0.160395
348.000000,80.000000,1337.000000,6.450777,3.673048,5.760323,0.244271,0.229867,0.228365,0.228354,0.250796,0.183658,0.171571,0.207541,0.217174,0.220612,0.232210,0.202056,0.213872,0.203941,0.182726,0.178317,0.168184,0.180928,0.174719,0.232427,0.187732,0.204388,0.192442,0.198406
348.000000,83.000000,1027.000000,-0.086563,7.246344,3.977755,0.158187,0.152326,0.140535,0.136454,0.131461,0.114572,0.117982,0.162273,0.137211,0.169059,0.142900,0.137487,0.137937,0.132148,0.148493,0.129991,0.160828,0.171491,0.168102,0.170527,0.163702,0.194607,0.169537,0.154324
348.000000,85.000000,1042.000000,-0.818641,8.403725,4.291184,0.139534,0.136747,0.123505,0.121466,0.116073,0.121676,0.139067,0.147109,0.127203,0.157755,0.132586,0.128395,0.121947,0.113447,0.168226,0.146542,0.156906,0.154055,0.174236,0.184786,0.176037,0.196271,0.155657,0.186779
348.000000,85.000000,1072.000000,8.161506,4.093802,3.325042,0.215146,0.223464,0.197772,0.215724,0.193944,0.174169,0.193291,0.235469,0.194543,0.204011,0.190309,0.197554,0.184191,0.185180,0.156009,0.148184,0.145644,0.148880,0.178165,0.147797,0.150341,0.174706,0.208104,0.173819
348.000000,85.000000,1102.000000,8.412486,5.969008,3.639136,0.254043,0.247372,0.240230,0.241927,0.240957,0.209758,0.241616,0.257785,0.229077,0.235029,0.229481,0.227731,0.218588,0.227941,0.179518,0.167899,0.162484,0.171805,0.193435,0.182740,0.173849,0.192143,0.219376,0.170182
348.000000,85.000000,1132.000000,0.490181,6.973273,3.570168,0.161506,0.156890,0.142158,0.143621,0.136715,0.117731,0.144995,0.168569,0.145321,0.166915,0.153104,0.136906,0.135934,0.136492,0.138973,0.123099,0.128150,0.131495,0.156406,0.155713,0.150803,0.167867,0.160677,0.153218
348.000000,85.000000,1162.000000,0.293578,7.024810,3.635727,0.147051,0.141472,0.132887,0.133097,0.109691,0.114315,0.120261,0.157777,0.117831,0.175328,0.125779,0.135213,0.126863,0.105934,0.114545,0.095452,0.134552,0.125936,0.147755,0.146113,0.146165,0.169179,0.184184,0.137965
348.000000,86.000000,1046.000000,8.832829,4.700886,3.206260,0.251001,0.242287,0.249296,0.237359,0.239464,0.211594,0.229569,0.239578,0.223590,0.219370,0.224571,0.235610,0.189803,0.213840,0.170593,0.164152,0.167060,0.160436,0.198287,0.181030,0.165601,0.175784,0.228021,0.193672
348.000000,86.000000,1076.000000,7.403053,3.684837,4.611250,0.227309,0.223528,0.214242,0.213050,0.211312,0.195644,0.200329,0.220375,0.225452,0.218177,0.212945,0.211688,0.201309,0.208611,0.153095,0.157167,0.159835,0.160082,0.175539,0.199324,0.171778,0.175044,0.213619,0.202786
348.000000,86.000000,1106.000000,8.075051,3.538330,4.302145,0.229226,0.236324,0.211124,0.227174,0.220088,0.205323,0.200629,0.233246,0.224427,0.201118,0.212017,0.206659,0.189036,0.210332,0.147314,0.141521,0.152473,0.155644,0.173878,0.181202,0.159921,0.167226,0.231778,0.181846
348.000000,86.000000,1136.000000,7.880934,3.602977,4.501950,0.246840,0.249909,0.233500,0.248192,0.242595,0.215788,0.205986,0.245223,0.242889,0.229261,0.231349,0.234010,0.226019,0.231633,0.163597,0.169341,0.168435,0.167816,0.183012,0.202604,0.175000,0.184045,0.235105,0.200563
348.000000,87.000000,1056.000000,-0.135207,7.320945,4.132786,0.161556,0.160144,0.145167,0.153153,0.147973,0.134207,0.149550,0.166432,0.162376,0.176092,0.173084,0.143844,0.152697,0.143724,0.155149,0.153147,0.161804,0.158540,0.174936,0.172180,0.186160,0.200543,0.166654,0.164328
348.000000,93.000000,1157.000000,8.338820,4.139071,3.205267,0.237484,0.235887,0.221991,0.223861,0.225197,0.214369,0.224165,0.239841,0.224146,0.213146,0.214774,0.228283,0.188747,0.216161,0.170660,0.157658,0.162924,0.160546,0.193876,0.179323,0.158827,0.182934,0.233212,0.203375
348.000000,94.000000,1163.000000,2.134200,7.242303,2.933661,0.219145,0.228095,0.198051,0.187795,0.209656,0.198560,0.195152,0.241148,0.206494,0.219870,0.218509,0.210402,0.190454,0.196023,0.192165,0.180180,0.180572,0.185041,0.220483,0.190322,0.182797,0.206248,0.197895,0.197750
348.000000,94.000000,1193.000000,4.724615,5.745891,4.044668,0.229313,0.218718,0.206739,0.204717,0.212479,0.186955,0.200957,0.215456,0.203067,0.211358,0.200809,0.210856,0.193354,0.198604,0.198979,0.195671,0.187246,0.178743,0.188083,0.177494,0.173018,0.196053,0.201349,0.218822
348.000000,97.000000,1257.000000,-0.496777,7.569260,4.580888,0.196631,0.184828,0.171853,0.155547,0.160111,0.163645,0.167447,0.187924,0.180907,0.189751,0.168224,0.191374,0.176522,0.178146,0.181819,0.171016,0.179092,0.179026,0.188006,0.208989,0.204961,0.220171,0.153564,0.226343
351.000000,1.000000,2.000000,1.177152,9.402508,3.824256,0.170740,0.176633,0.155510,0.158267,0.165812,0.177342,0.174814,0.186121,0.173878,0.179821,0.149461,0.171520,0.159735,0.152813,0.210607,0.184171,0.207514,0.203142,0.191211,0.166380,0.175963,0.182771,0.181971,0.207339
351.000000,1.000000,32.000000,0.261984,8.640000,4.416028,0.183294,0.187341,0.177208,0.170351,0.176528,0.174714,0.180989,0.197154,0.174284,0.179763,0.179256,0.173403,0.148315,0.164778,0.198225,0.203441,0.182714,0.189100,0.212240,0.175451,0.210107,0.197845,0.161375,0.195455
351.000000,10.000000,75.000000,0.519966,8.863370,3.537235,0.159046,0.177918,0.161285,0.142532,0.142669,0.168208,0.167658,0.196957,0.145458,0.172244,0.165212,0.163299,0.122878,0.142199,0.210898,0.191501,0.179365,0.192724,0.203150,0.146787,0.177072,0.197628,0.151673,0.185886
351.000000,100.000000,1221.000000,1.109138,9.044597,4.044967,0.173103,0.171843,0.173301,0.149505,0.167525,0.162372,0.159876,0.166491,0.160836,0.166218,0.149913,0.177837,0.142848,0.149345,0.186092,0.180905,0.192709,0.188728,0.184091,0.170893,0.176995,0.182356,0.145472,0.211093
351.000000,101.000000,1231.000000,-0.479023,8.139239,4.670181,0.135208,0.155637,0.137314,0.120936,0.118977,0.136694,0.127065,0.151440,0.134738,0.146223,0.126353,0.146516,0.132328,0.121759,0.190430,0.159523,0.178793,0.188250,0.170539,0.160280,0.173396,0.197055,0.124748,0.190294
351.000000,103.000000,1237.000000,3.239774,7.469023,2.608382,0.188137,0.189459,0.177584,0.187638,0.173061,0.161592,0.209406,0.204300,0.170032,0.166784,0.159548,0.169316,0.125749,0.161345,0.161499,0.156245,0.146579,0.159067,0.157372,0.130497,0.154063,0.166112,0.186197,0.143043
351.000000,104.000000,1238.000000,4.763961,5.808596,3.960958,0.221298,0.227579,0.199270,0.206480,0.206427,0.192168,0.195951,0.221685,0.202957,0.201741,0.206538,0.205732,0.189930,0.204867,0.189355,0.188753,0.181383,0.188424,0.189496,0.173244,0.176905,0.202017,0.194665,0.193305
351.000000,104.000000,1268.000000,4.660189,5.853391,3.968994,0.195442,0.185566,0.181910,0.182270,0.191613,0.178571,0.174055,0.182166,0.180535,0.184891,0.190331,0.182931,0.170113,0.172704,0.171763,0.176854,0.163939,0.173576,0.177457,0.149716,0.169883,0.172589,0.162672,0.176356
351.000000,105.000000,1240.000000,0.430509,8.629979,3.588767,0.172803,0.185441,0.162763,0.159681,0.145830,0.176861,0.181811,0.202105,0.153364,0.174543,0.163518,0.158601,0.129198,0.141449,0.183858,0.187409,0.160941,0.165944,0.186161,0.152990,0.195018,0.199639,0.152693,0.183264
351.000000,106.000000,1256.000000,-0.665880,8.610692,4.199408,0.148765,0.158938,0.131120,0.159024,0.146781,0.113196,0.131424,0.171926,0.154670,0.156661,0.149524,0.117076,0.120174,0.120217,0.165280,0.177124,0.172426,0.154709,0.186852,0.174491,0.220111,0.207604,0.152068,0.162738
351.000000,108.000000,1271.000000,4.634557,5.839775,3.966972,0.222636,0.221321,0.207269,0.210217,0.217800,0.211533,0.211170,0.223629,0.209628,0.209239,0.222246,0.207248,0.200027,0.215686,0.191386,0.184207,0.181214,0.193705,0.192185,0.176750,0.177474,0.203013,0.194697,0.188168
351.000000,11.000000,102.000000,1.320044,9.092293,4.020056,0.207044,0.199615,0.199487,0.183464,0.192863,0.200234,0.193645,0.200581,0.195277,0.192138,0.176604,0.189727,0.162473,0.188123,0.206538,0.216799,0.198004,0.184192,0.207691,0.174963,0.191567,0.193224,0.166720,0.210682
351.000000,112.000000,1310.000000,9.912653,5.766480,4.546815,0.208993,0.212023,0.205879,0.229693,0.212996,0.192642,0.184012,0.219901,0.224895,0.202806,0.224975,0.203471,0.199404,0.200409,0.153849,0.156543,0.137030,0.165314,0.151451,0.151448,0.142647,0.149131,0.204505,0.155155
351.000000,113.000000,1320.000000,10.264609,5.817832,4.518344,0.241958,0.249613,0.239817,0.244896,0.242952,0.213095,0.207274,0.241616,0.238423,0.227540,0.240364,0.236189,0.204473,0.219964,0.168579,0.169869,0.141738,0.169691,0.166738,0.174151,0.150493,0.163010,0.220931,0.163816
351.000000,113.000000,1350.000000,7.869193,4.064231,3.615100,0.258434,0.245577,0.228413,0.242826,0.239220,0.208404,0.220718,0.234052,0.219930,0.229314,0.223695,0.222257,0.219423,0.218946,0.189701,0.171699,0.164688,0.172402,0.192277,0.189451,0.171199,0.189423,0.230285,0.192781
351.000000,113.000000,1380.000000,1.089275,8.946259,3.090522,0.185791,0.203304,0.174045,0.169795,0.165783,0.187066,0.192767,0.195403,0.166742,0.201667,0.191999,0.196937,0.157002,0.164993,0.209876,0.176711,0.189785,0.201134,0.193794,0.155430,0.177538,0.207339,0.182111,0.214150
351.000000,113.000000,1410.000000,0.695932,8.452535,3.355051,0.180147,0.199853,0.164922,0.154025,0.157451,0.172455,0.174889,0.204647,0.161269,0.185819,0.166011,0.177721,0.145817,0.157379,0.212104,0.186061,0.194798,0.191410,0.200947,0.166496,0.186662,0.217418,0.156448,0.207721
351.000000,115.000000,1379.000000,-0.535398,7.697216,4.602035,0.185430,0.167972,0.154668,0.144442,0.154810,0.140177,0.130379,0.161529,0.173620,0.162965,0.162062,0.164659,0.169071,0.166290,0.186273,0.178779,0.180769,0.188738,0.175166,0.205839,0.193932,0.208844,0.133323,0.216883
351.000000,115.000000,1409.000000,0.786506,9.131835,3.615872,0.167576,0.178457,0.174066,0.135186,0.158832,0.176761,0.156793,0.181725,0.145988,0.155501,0.143626,0.155159,0.121924,0.147065,0.218588,0.192742,0.201239,0.199318,0.183553,0.152750,0.179029,0.191880,0.142181,0.215227
351.000000,115.000000,1439.000000,2.895220,8.581336,3.181078,0.170165,0.176848,0.167481,0.141576,0.147720,0.182439,0.195461,0.179879,0.133322,0.147790,0.149642,0.144506,0.115439,0.136857,0.180220,0.154206,0.156234,0.168749,0.189549,0.137820,0.151030,0.172222,0.166035,0.187008
351.000000,115.000000,1469.000000,5.183879,9.243443,1.824933,0.162202,0.169860,0.170976,0.133836,0.138571,0.171362,0.210195,0.163313,0.123469,0.144325,0.156854,0.135704,0.134124,0.133659,0.144374,0.124733,0.128138,0.151482,0.167514,0.124107,0.129749,0.147659,0.182810,0.166321
351.000000,115.000000,1499.000000,5.145399,9.214218,1.850173,0.178711,0.187982,0.186828,0.158847,0.166711,0.194066,0.223983,0.191630,0.148677,0.160638,0.168697,0.154719,0.155498,0.152557,0.170659,0.149402,0.137551,0.151560,0.186021,0.136985,0.144501,0.170250,0.188742,0.183399
351.000000,115.000000,1529.000000,5.236110,9.206342,1.788168,0.165062,0.177952,0.179798,0.149922,0.155290,0.177784,0.225552,0.182062,0.148157,0.156042,0.167490,0.149528,0.150656,0.149769,0.148390,0.123238,0.129916,0.152247,0.177219,0.126710,0.129718,0.151735,0.189962,0.165607
351.000000,115.000000,1559.000000,5.061212,9.013157,1.925282,0.184596,0.196325,0.189942,0.156379,0.177525,0.223526,0.210282,0.199992,0.175220,0.189126,0.198386,0.184645,0.167896,0.179856,0.179818,0.158448,0.155785,0.173479,0.184355,0.143548,0.153304,0.163444,0.193454,0.179568
351.000000,115.000000,1589.000000,5.058402,8.989562,1.911300,0.198276,0.199722,0.195703,0.174941,0.186453,0.221776,0.221396,0.211189,0.177150,0.186748,0.196583,0.187999,0.167256,0.183004,0.182477,0.167325,0.162824,0.163695,0.181788,0.141832,0.152340,0.161847,0.205827,0.184326
351.000000,115.000000,1619.000000,5.015434,9.084015,1.939172,0.198148,0.198675,0.201362,0.168716,0.176684,0.216369,0.228946,0.214861,0.169717,0.178609,0.183351,0.182598,0.174141,0.174899,0.194230,0.168872,0.176899,0.189304,0.196254,0.152239,0.160064,0.179291,0.197854,0.199456
351.000000,115.000000,1649.000000,5.219842,9.168652,1.788173,0.172628,0.178213,0.178150,0.152024,0.158320,0.214989,0.243289,0.191880,0.168400,0.178905,0.175960,0.166375,0.165674,0.158755,0.164188,0.143014,0.136515,0.157464,0.172404,0.129344,0.143451,0.150231,0.185926,0.171990
351.000000,115.000000,1679.000000,6.621268,5.798642,2.212385,0.228916,0.231335,0.231423,0.208807,0.223188,0.253760,0.228082,0.246432,0.215974,0.213345,0.218679,0.224531,0.197152,0.221315,0.196797,0.179402,0.185694,0.185775,0.188989,0.157789,0.161950,0.173271,0.217264,0.191841
351.000000,119.000000,1429.000000,0.876111,8.100516,3.250481,0.208994,0.225084,0.187197,0.177785,0.175409,0.191099,0.196194,0.242035,0.187098,0.198959,0.187759,0.200910,0.169846,0.182362,0.213199,0.193009,0.206843,0.202211,0.223080,0.184022,0.194846,0.223217,0.174310,0.212217
351.000000,119.000000,1459.000000,5.071891,8.907684,1.951116,0.199692,0.207145,0.182957,0.177680,0.178316,0.214712,0.196061,0.203218,0.174457,0.188715,0.195940,0.186492,0.159188,0.181248,0.161263,0.163117,0.162200,0.162713,0.176420,0.141090,0.158185,0.160844,0.203426,0.188163
351.000000,12.000000,169.000000,8.388314,7.197293,3.368635,0.243846,0.262939,0.240085,0.254666,0.247041,0.206056,0.200029,0.270875,0.213818,0.214439,0.224377,0.247685,0.202584,0.224989,0.169624,0.172908,0.162914,0.160650,0.200248,0.164751,0.158580,0.165440,0.236327,0.168847
351.000000,12.000000,199.000000,8.125745,6.963497,3.259706,0.245035,0.257306,0.228702,0.229935,0.223987,0.221456,0.230786,0.261922,0.197758,0.207033,0.208473,0.226242,0.193156,0.206541,0.179088,0.163025,0.160462,0.164303,0.184670,0.161479,0.157830,0.178462,0.236553,0.157141
351.000000,12.000000,229.000000,8.309960,7.241971,3.286681,0.215110,0.236921,0.208217,0.210844,0.202159,0.189689,0.185384,0.247621,0.198327,0.208784,0.198598,0.236108,0.182866,0.216291,0.153560,0.157512,0.155097,0.150941,0.186306,0.145849,0.144797,0.158003,0.226777,0.178854
351.000000,12.000000,259.000000,9.920641,5.423477,4.407835,0.239636,0.238182,0.235453,0.238349,0.246706,0.178901,0.178154,0.229260,0.225177,0.201006,0.198213,0.216401,0.185653,0.213005,0.134588,0.143544,0.135915,0.129273,0.152240,0.174782,0.142024,0.145458,0.222932,0.157361
351.000000,12.000000,289.000000,7.630480,4.120278,5.297015,0.215520,0.219478,0.197574,0.215610,0.205729,0.180920,0.164537,0.210568,0.241159,0.211250,0.194856,0.200018,0.190697,0.226233,0.155628,0.155481,0.172002,0.165984,0.162994,0.187982,0.177609,0.163066,0.193529,0.184001
351.000000,12.000000,319.000000,9.345759,7.055038,3.405051,0.222833,0.235163,0.223604,0.215263,0.221887,0.198572,0.191437,0.249745,0.219922,0.196442,0.181005,0.215328,0.177816,0.227666,0.154028,0.155759,0.151449,0.139345,0.185925,0.149639,0.123731,0.149489,0.230214,0.157672
351.000000,123.000000,1454.000000,7.278197,5.310251,4.434674,0.259306,0.251598,0.238021,0.254712,0.260218,0.210537,0.211661,0.257267,0.241789,0.220261,0.234640,0.230150,0.209357,0.232237,0.189199,0.190950,0.162351,0.183514,0.180439,0.182506,0.183870,0.179722,0.214880,0.201361
351.000000,123.000000,1484.000000,8.144610,7.033733,3.141766,0.230741,0.240361,0.226762,0.230033,0.245399,0.221569,0.214074,0.251705,0.200103,0.188215,0.215844,0.210534,0.178433,0.203854,0.173022,0.179963,0.146373,0.161681,0.199682,0.150247,0.155550,0.161265,0.227824,0.177726
351.000000,123.000000,1514.000000,8.657944,6.035182,3.422980,0.252485,0.238982,0.246320,0.235619,0.254006,0.218207,0.221249,0.242616,0.225511,0.212282,0.227387,0.231274,0.191662,0.224657,0.178531,0.192691,0.148178,0.156963,0.199135,0.167253,0.154803,0.156875,0.225219,0.185014
351.000000,126.000000,1523.000000,9.228264,6.345865,3.737609,0.272595,0.269855,0.246172,0.277972,0.260441,0.238361,0.229762,0.268936,0.267612,0.244574,0.235311,0.258771,0.240415,0.260748,0.183456,0.193383,0.171552,0.176247,0.195785,0.184297,0.171380,0.175994,0.253800,0.196993
351.000000,126.000000,1553.000000,9.326483,7.680911,3.056942,0.244247,0.245152,0.240730,0.232155,0.229103,0.230870,0.243120,0.258842,0.228065,0.220415,0.196986,0.232196,0.195585,0.226384,0.170260,0.161629,0.142937,0.152095,0.200566,0.142520,0.131679,0.155440,0.248123,0.179303
351.000000,129.000000,1552.000000,9.209491,8.143555,2.814450,0.217963,0.226326,0.210227,0.221135,0.226260,0.224369,0.219644,0.241869,0.197627,0.190707,0.198007,0.204416,0.172710,0.199914,0.157508,0.156091,0.130823,0.134897,0.162970,0.124305,0.119743,0.141541,0.235988,0.167382
351.000000,13.000000,194.000000,1.001090,7.373412,3.250240,0.183306,0.201063,0.163991,0.181841,0.176939,0.158588,0.158465,0.224262,0.174321,0.177700,0.170434,0.168042,0.154743,0.168098,0.186194,0.173762,0.187979,0.191306,0.191815,0.149001,0.180969,0.210378,0.172448,0.179515
351.000000,13.000000,224.000000,8.337717,4.912691,5.479660,0.235645,0.232066,0.213775,0.244050,0.227523,0.202663,0.176592,0.240145,0.240627,0.217809,0.236844,0.216453,0.230985,0.220975,0.158551,0.162070,0.159805,0.172256,0.169266,0.170269,0.169048,0.182971,0.227808,0.167421
351.000000,130.000000,1636.000000,5.474692,6.354351,3.014011,0.229263,0.239244,0.210030,0.224862,0.220880,0.234464,0.231632,0.253253,0.220262,0.227225,0.232374,0.222092,0.207149,0.214564,0.190250,0.184382,0.177296,0.181515,0.213459,0.160751,0.169344,0.192054,0.223794,0.188156
351.000000,133.000000,1657.000000,9.306753,6.517989,3.638763,0.249339,0.228887,0.233632,0.226021,0.232132,0.222910,0.225380,0.240351,0.255089,0.232894,0.200876,0.237627,0.213653,0.256644,0.171257,0.176707,0.163584,0.159180,0.180841,0.160042,0.139160,0.150321,0.250236,0.186909
351.000000,133.000000,1687.000000,9.266077,8.100570,2.811983,0.235172,0.236708,0.231043,0.241838,0.241339,0.237298,0.228854,0.246900,0.223619,0.213860,0.197349,0.234164,0.189976,0.222629,0.164530,0.165166,0.140830,0.141799,0.174246,0.133145,0.134019,0.141567,0.249934,0.166538
351.000000,134.000000,1672.000000,6.926146,5.667693,2.068056,0.240963,0.235197,0.242608,0.214925,0.211248,0.247376,0.238630,0.255205,0.228105,0.240020,0.215405,0.262112,0.196779,0.228690,0.197827,0.191923,0.181604,0.175416,0.206207,0.152014,0.156274,0.155166,0.236252,0.195605
351.000000,136.000000,1696.000000,3.071352,7.855975,2.214684,0.178087,0.199762,0.172296,0.176734,0.153019,0.209582,0.191275,0.215048,0.164452,0.192938,0.179402,0.186794,0.141836,0.152984,0.194497,0.177836,0.178100,0.180818,0.187899,0.139968,0.164623,0.185298,0.212684,0.178697
351.000000,14.000000,236.000000,-0.060102,8.018853,4.873052,0.189664,0.182432,0.177601,0.162252,0.175121,0.152316,0.150240,0.181849,0.169458,0.184282,0.176510,0.178490,0.141103,0.164606,0.189641,0.190975,0.187070,0.181003,0.204745,0.185449,0.192270,0.191378,0.148715,0.192880
351.000000,14.000000,266.000000,6.364189,6.541533,3.119626,0.235046,0.254606,0.202814,0.218709,0.216347,0.219185,0.198766,0.275183,0.213367,0.203906,0.205343,0.228826,0.184850,0.217642,0.204258,0.193874,0.193617,0.196191,0.209206,0.167747,0.166073,0.199826,0.204535,0.200070
351.000000,14.000000,296.000000,7.971714,6.884806,3.058214,0.263725,0.267395,0.250268,0.268710,0.258462,0.247198,0.245361,0.267506,0.227867,0.223426,0.239644,0.250504,0.205437,0.232164,0.196880,0.187239,0.170882,0.178470,0.206130,0.164197,0.158339,0.176612,0.247551,0.188848
351.000000,17.000000,301.000000,8.297295,4.959942,4.826537,0.258075,0.259763,0.235781,0.255914,0.250076,0.217993,0.209185,0.253864,0.229969,0.239602,0.254148,0.243396,0.226208,0.223536,0.182046,0.185668,0.170502,0.183391,0.189814,0.192004,0.171279,0.180976,0.224365,0.197657
351.000000,19.000000,320.000000,0.804710,7.973447,3.335142,0.204667,0.218848,0.182193,0.195649,0.186206,0.194357,0.185874,0.233532,0.190845,0.189498,0.187631,0.183054,0.162792,0.175654,0.217172,0.209728,0.191961,0.205976,0.203699,0.184210,0.194580,0.223409,0.183940,0.205491
351.000000,19.000000,350.000000,3.264442,7.795806,2.145323,0.202792,0.230080,0.190853,0.203305,0.195032,0.212356,0.205607,0.254736,0.186862,0.198305,0.182098,0.190210,0.167155,0.177326,0.209727,0.190405,0.174136,0.187960,0.205835,0.153600,0.167336,0.220231,0.215056,0.183475
351.000000,2.000000,22.000000,-0.016520,8.540421,3.951799,0.173869,0.187957,0.154265,0.158886,0.155143,0.159980,0.156736,0.201366,0.157728,0.168211,0.179576,0.153442,0.149385,0.153414,0.187037,0.171750,0.164149,0.197435,0.228039,0.179086,0.189742,0.219700,0.152636,0.183184
351.000000,2.000000,52.000000,-0.010126,8.670008,3.800418,0.150939,0.173394,0.140550,0.152178,0.133443,0.147886,0.151797,0.190169,0.138006,0.153730,0.161169,0.145660,0.129131,0.134137,0.182914,0.176541,0.145229,0.173340,0.218705,0.142991,0.171806,0.203515,0.159200,0.164800
351.000000,21.000000,335.000000,8.399807,7.625939,3.003116,0.218427,0.238296,0.220955,0.201347,0.222480,0.220323,0.209965,0.260382,0.196728,0.201719,0.197431,0.218899,0.170213,0.204537,0.178775,0.166822,0.148421,0.151919,0.187927,0.134420,0.143254,0.165319,0.215242,0.168986
351.000000,21.000000,365.000000,7.393907,5.302789,3.368562,0.250525,0.244154,0.231178,0.217025,0.224306,0.222870,0.200088,0.256746,0.224535,0.218962,0.218709,0.243018,0.204161,0.228836,0.190750,0.184522,0.178824,0.170279,0.196765,0.182125,0.173223,0.177459,0.204137,0.187325
351.000000,21.000000,395.000000,7.810494,6.277973,3.509738,0.238905,0.254279,0.228037,0.237542,0.232881,0.214595,0.197016,0.259206,0.224722,0.204393,0.224034,0.218838,0.196907,0.223746,0.179568,0.166813,0.179723,0.170570,0.192470,0.173340,0.151580,0.164482,0.221883,0.175762
351.000000,21.000000,425.000000,7.385937,6.297608,3.494875,0.254837,0.265037,0.233043,0.230538,0.242822,0.205906,0.183915,0.270851,0.229041,0.208876,0.215514,0.220734,0.197188,0.224988,0.191974,0.179293,0.197535,0.178009,0.200274,0.171322,0.155360,0.174794,0.198408,0.195953
351.000000,21.000000,455.000000,8.318674,4.951880,5.525782,0.223854,0.230527,0.203258,0.216492,0.213732,0.185350,0.154233,0.224077,0.215605,0.204344,0.206608,0.209679,0.199416,0.214362,0.141881,0.157606,0.148864,0.137228,0.151928,0.159590,0.145465,0.143020,0.198026,0.160358
351.000000,21.000000,485.000000,8.325092,5.919626,3.647674,0.272698,0.268683,0.241036,0.247361,0.241933,0.225246,0.213926,0.270251,0.244393,0.226828,0.235563,0.243741,0.225379,0.242675,0.189007,0.189008,0.181252,0.169372,0.198187,0.192187,0.168741,0.173895,0.215762,0.180141
351.000000,21.000000,515.000000,8.276836,4.902251,5.344173,0.233925,0.241485,0.215479,0.236059,0.225172,0.179266,0.162248,0.229897,0.217939,0.208364,0.225404,0.211700,0.196952,0.205729,0.165560,0.173321,0.156804,0.161702,0.165382,0.181503,0.155316,0.160619,0.212271,0.172424
351.000000,21.000000,545.000000,7.896217,4.053676,5.110357,0.251287,0.246505,0.223689,0.237625,0.240670,0.183173,0.170514,0.230988,0.219556,0.233407,0.248539,0.220482,0.219851,0.216996,0.170383,0.175385,0.160424,0.173178,0.162059,0.196868,0.172966,0.182862,0.216069,0.197802
351.000000,22.000000,351.000000,0.068552,8.252327,4.911305,0.186453,0.179402,0.178838,0.176911,0.183486,0.178310,0.171745,0.179589,0.181161,0.175459,0.177401,0.170982,0.157667,0.171668,0.191847,0.200795,0.190638,0.189513,0.196912,0.179739,0.204443,0.193384,0.146119,0.212536
351.000000,23.000000,368.000000,0.930287,7.778907,3.257436,0.194584,0.211693,0.170816,0.190941,0.183485,0.194947,0.193383,0.227097,0.193214,0.186975,0.178839,0.173067,0.156305,0.169481,0.208227,0.197785,0.189603,0.193752,0.207274,0.174809,0.194736,0.228818,0.184300,0.186368
351.000000,25.000000,398.000000,1.280351,9.055141,3.948601,0.197528,0.194272,0.196535,0.179084,0.184427,0.186484,0.189057,0.199304,0.185640,0.188333,0.169529,0.189706,0.167923,0.177777,0.209161,0.202593,0.204220,0.194098,0.201492,0.181410,0.196826,0.203344,0.169572,0.214009
351.000000,26.000000,413.000000,0.825941,7.331011,4.521749,0.196699,0.198986,0.169489,0.187311,0.183696,0.166405,0.182088,0.207873,0.198069,0.196882,0.187822,0.173577,0.145652,0.164135,0.194343,0.186606,0.159527,0.176820,0.183457,0.175925,0.197136,0.196458,0.171998,0.196644
351.000000,28.000000,424.000000,0.037380,8.625198,4.223220,0.174324,0.171109,0.158937,0.153935,0.154616,0.139871,0.150167,0.188846,0.160792,0.163759,0.158161,0.160094,0.121266,0.152091,0.178190,0.180972,0.168608,0.176957,0.205063,0.166633,0.191524,0.197209,0.162242,0.181276
351.000000,29.000000,438.000000,0.771324,7.161807,4.673336,0.184437,0.190900,0.162558,0.185966,0.186443,0.149503,0.131687,0.192105,0.183390,0.168943,0.190086,0.157840,0.159605,0.163806,0.176628,0.188368,0.172755,0.181956,0.192503,0.163411,0.194372,0.187659,0.157572,0.170147
351.000000,29.000000,468.000000,0.161023,7.236547,4.724844,0.193441,0.182214,0.170171,0.166566,0.178941,0.149730,0.143676,0.169489,0.175215,0.173503,0.178448,0.177112,0.164754,0.172308,0.177469,0.184623,0.186632,0.183754,0.182584,0.191031,0.186770,0.191244,0.158068,0.200345
351.000000,29.000000,498.000000,-0.220960,8.083014,4.764994,0.189884,0.179511,0.171998,0.168815,0.178764,0.161916,0.157867,0.177665,0.176569,0.170169,0.171559,0.176364,0.156995,0.169824,0.195851,0.190996,0.203974,0.206717,0.202078,0.201403,0.205345,0.206531,0.153411,0.200994
351.000000,3.000000,24.000000,7.378332,4.748621,4.921508,0.234036,0.220779,0.223419,0.234137,0.235051,0.204098,0.194051,0.223002,0.203819,0.214092,0.214241,0.202349,0.184316,0.191512,0.169220,0.175100,0.149915,0.159824,0.186770,0.182554,0.179193,0.176264,0.195126,0.187825
351.000000,30.000000,444.000000,0.092549,8.263153,4.004619,0.180171,0.184125,0.163874,0.161170,0.165075,0.144874,0.154041,0.190580,0.173032,0.184937,0.170643,0.157655,0.126923,0.144919,0.190613,0.181142,0.172504,0.176140,0.194840,0.167262,0.202643,0.198039,0.132882,0.180078
351.000000,32.000000,484.000000,6.115772,8.421034,2.426029,0.209027,0.205982,0.207954,0.189213,0.199634,0.213715,0.249316,0.228177,0.181182,0.187263,0.179195,0.188017,0.168588,0.178753,0.197001,0.180307,0.151912,0.160997,0.215732,0.140586,0.150691,0.178844,0.226110,0.167475
351.000000,32.000000,514.000000,6.304950,6.696851,3.078291,0.229629,0.254483,0.213389,0.233481,0.224386,0.220937,0.206406,0.271222,0.201547,0.196260,0.197918,0.223032,0.190242,0.201479,0.186795,0.168127,0.168055,0.169968,0.205252,0.154841,0.153212,0.189357,0.227081,0.170174
351.000000,33.000000,523.000000,8.501806,7.339026,3.389917,0.229606,0.252589,0.220855,0.242421,0.239142,0.223731,0.195389,0.268499,0.214895,0.199668,0.216866,0.219011,0.204200,0.211756,0.171718,0.166472,0.152663,0.157877,0.210121,0.153458,0.145087,0.167063,0.233952,0.152961
351.000000,34.000000,543.000000,6.128571,8.393813,2.409101,0.216944,0.231747,0.220075,0.215811,0.217601,0.233485,0.233429,0.260400,0.196722,0.206904,0.196695,0.216066,0.172884,0.192346,0.195330,0.178563,0.158779,0.172716,0.206940,0.129322,0.154155,0.187066,0.235972,0.180570
351.000000,34.000000,573.000000,8.168126,6.915228,3.290657,0.254202,0.255773,0.245535,0.253464,0.259836,0.235700,0.226875,0.267793,0.228575,0.225491,0.233145,0.238735,0.221507,0.228507,0.191586,0.170194,0.166875,0.178126,0.197746,0.177321,0.161804,0.198270,0.245473,0.168728
351.000000,34.000000,603.000000,7.175771,5.032406,3.852365,0.256201,0.244826,0.239334,0.231087,0.233450,0.213648,0.205913,0.243858,0.216558,0.240264,0.230372,0.236261,0.213863,0.208946,0.189049,0.191789,0.174289,0.171110,0.199264,0.185758,0.167098,0.171750,0.206297,0.206719
351.000000,35.000000,567.000000,8.421123,4.694454,5.010585,0.269067,0.260740,0.246364,0.256374,0.246837,0.207786,0.197632,0.249307,0.233736,0.241312,0.249567,0.244028,0.228520,0.225721,0.179895,0.192158,0.171654,0.175884,0.184035,0.197379,0.177266,0.176367,0.212254,0.195119
351.000000,36.000000,599.000000,0.952931,7.262257,3.289854,0.212450,0.218877,0.184874,0.195107,0.198956,0.189464,0.190114,0.243574,0.180440,0.191401,0.181682,0.192891,0.173935,0.172245,0.196135,0.179418,0.187259,0.193119,0.226661,0.179013,0.194314,0.229318,0.204414,0.211395
351.000000,36.000000,629.000000,2.107833,7.302292,2.846113,0.180639,0.204598,0.170329,0.168134,0.171471,0.171926,0.165849,0.216861,0.170393,0.184458,0.173088,0.181701,0.141736,0.159921,0.167584,0.154187,0.163427,0.159205,0.181751,0.145068,0.152532,0.187517,0.181341,0.175402
351.000000,36.000000,659.000000,0.391469,8.549733,3.516713,0.166190,0.192262,0.152460,0.163012,0.137596,0.172784,0.177728,0.192062,0.165830,0.165756,0.170268,0.162039,0.121369,0.143253,0.202599,0.187233,0.181889,0.188910,0.186909,0.164447,0.186222,0.194538,0.157878,0.175393
351.000000,37.000000,601.000000,7.344263,5.362073,4.439964,0.274052,0.273607,0.250006,0.274201,0.271662,0.229957,0.210059,0.286145,0.238223,0.230308,0.244572,0.250698,0.242913,0.233064,0.204686,0.193077,0.191331,0.193626,0.211251,0.189667,0.191611,0.204580,0.237422,0.220327
351.000000,37.000000,631.000000,8.130452,4.936934,5.055654,0.252505,0.262632,0.236244,0.252986,0.245867,0.207388,0.195860,0.249538,0.223213,0.229358,0.246031,0.232808,0.215712,0.214780,0.183302,0.179233,0.163921,0.173815,0.173592,0.193449,0.175372,0.183976,0.216094,0.182638
351.000000,38.000000,612.000000,6.187407,6.646254,3.106292,0.237899,0.256286,0.232783,0.240962,0.244374,0.233115,0.223489,0.279145,0.216941,0.219331,0.212652,0.224977,0.196824,0.211588,0.207006,0.179456,0.173009,0.186368,0.224713,0.154222,0.172823,0.204954,0.233721,0.182912
351.000000,38.000000,642.000000,2.824297,7.560517,2.541530,0.220428,0.218886,0.184825,0.217930,0.203369,0.200661,0.194303,0.231442,0.202130,0.199497,0.207144,0.191265,0.173705,0.188817,0.196602,0.201502,0.184969,0.188402,0.214019,0.163461,0.197072,0.199352,0.203079,0.193863
351.000000,38.000000,672.000000,7.069891,6.008121,3.294667,0.265388,0.265508,0.250116,0.263785,0.259650,0.243973,0.229587,0.266484,0.234027,0.229444,0.241199,0.258396,0.226668,0.233513,0.202164,0.201715,0.184251,0.182187,0.204549,0.184374,0.191028,0.200979,0.232031,0.194715
351.000000,38.000000,702.000000,9.082282,6.302506,3.759033,0.250430,0.257780,0.239247,0.262808,0.253730,0.219795,0.211081,0.251874,0.258011,0.214164,0.224456,0.236110,0.221099,0.248346,0.171637,0.174118,0.172530,0.162784,0.193930,0.166626,0.161789,0.178433,0.230907,0.168378
351.000000,38.000000,732.000000,8.222513,4.685136,5.427661,0.235692,0.233090,0.221213,0.235561,0.230009,0.200586,0.187511,0.232397,0.247354,0.224020,0.238585,0.227249,0.226807,0.240018,0.167502,0.180448,0.173225,0.172548,0.179939,0.189299,0.183184,0.180914,0.199304,0.178181
351.000000,39.000000,659.000000,2.037625,7.257213,2.876072,0.201013,0.198228,0.179868,0.165715,0.167278,0.178155,0.171942,0.214932,0.167202,0.193082,0.188760,0.187998,0.161200,0.157825,0.170133,0.156406,0.168921,0.186035,0.181565,0.150925,0.156688,0.162578,0.160045,0.189112
351.000000,39.000000,689.000000,0.381310,8.630239,3.429046,0.159756,0.179448,0.138366,0.148886,0.137779,0.160732,0.175870,0.181449,0.163490,0.172794,0.169015,0.157403,0.126087,0.135265,0.205844,0.191132,0.169544,0.168949,0.168557,0.153841,0.186498,0.209918,0.154028,0.176176
351.000000,39.000000,719.000000,2.740428,7.931514,2.688925,0.222571,0.229499,0.206073,0.203083,0.181066,0.231712,0.223650,0.242020,0.184640,0.202418,0.193013,0.207374,0.169209,0.179295,0.214338,0.198794,0.183742,0.178436,0.206782,0.166354,0.186550,0.196733,0.198055,0.199147
351.000000,39.000000,749.000000,2.438901,7.657228,2.569447,0.187570,0.208510,0.160105,0.194489,0.165807,0.192433,0.196302,0.218747,0.178054,0.188840,0.184879,0.177724,0.148127,0.160240,0.192386,0.179917,0.167773,0.184495,0.194037,0.151418,0.192508,0.215173,0.186660,0.161498
351.000000,39.000000,779.000000,0.997576,7.364197,3.225296,0.174960,0.197715,0.152803,0.178255,0.160618,0.164256,0.158719,0.232043,0.164864,0.166524,0.174779,0.157570,0.131594,0.151928,0.180705,0.161396,0.168209,0.170143,0.198496,0.154224,0.170730,0.195771,0.171933,0.164106
351.000000,4.000000,100.000000,8.460253,7.237680,3.383786,0.219165,0.253456,0.207257,0.236632,0.223504,0.218530,0.191435,0.254627,0.220663,0.204238,0.212307,0.226817,0.203571,0.223111,0.158319,0.152245,0.160466,0.153394,0.193394,0.150871,0.144235,0.160900,0.243371,0.159833
351.000000,4.000000,130.000000,9.311560,6.637621,3.584869,0.235096,0.241573,0.227084,0.234033,0.228916,0.222429,0.201913,0.256680,0.244983,0.212284,0.194948,0.234596,0.202580,0.248887,0.170072,0.178635,0.160459,0.154859,0.197998,0.158739,0.146374,0.163663,0.240137,0.185158
351.000000,4.000000,160.000000,8.362189,7.268903,3.289897,0.233772,0.258475,0.234159,0.241812,0.242742,0.207969,0.209815,0.264230,0.199088,0.201777,0.209309,0.228053,0.187424,0.216022,0.171848,0.168803,0.156034,0.160423,0.197381,0.141997,0.141310,0.162536,0.238221,0.162320
351.000000,4.000000,190.000000,6.127120,8.340877,2.411449,0.226386,0.223942,0.218006,0.217415,0.210374,0.216966,0.236099,0.237844,0.177989,0.199371,0.186681,0.195889,0.164562,0.175876,0.182021,0.184210,0.154856,0.157721,0.201490,0.142405,0.171507,0.171457,0.215471,0.182176
351.000000,4.000000,40.000000,8.161861,6.960579,3.283096,0.246515,0.259244,0.221145,0.252327,0.245431,0.231651,0.216689,0.266634,0.216494,0.213273,0.222879,0.213717,0.218293,0.217493,0.178416,0.177649,0.148111,0.177511,0.195831,0.173301,0.174810,0.203750,0.238020,0.170691
351.000000,4.000000,70.000000,8.160259,7.277436,3.144705,0.238388,0.248464,0.212431,0.220980,0.223154,0.218940,0.201040,0.264373,0.204383,0.203101,0.203070,0.221206,0.189636,0.216612,0.173773,0.166516,0.145165,0.162669,0.194384,0.147120,0.152608,0.178428,0.228041,0.175274
351.000000,42.000000,666.000000,6.259618,6.539540,3.188393,0.250478,0.267074,0.219505,0.246022,0.233102,0.212737,0.215551,0.286890,0.222434,0.221297,0.217743,0.221311,0.194098,0.202256,0.212834,0.201421,0.180705,0.196753,0.221117,0.165448,0.184018,0.208866,0.221523,0.184477
351.000000,43.000000,692.000000,0.421946,7.596207,4.395595,0.201712,0.205575,0.176609,0.188037,0.199433,0.165035,0.166263,0.210521,0.188682,0.191462,0.176624,0.169186,0.150549,0.157427,0.201123,0.195773,0.197548,0.183553,0.192216,0.184981,0.204393,0.209399,0.169782,0.203866
351.000000,46.000000,707.000000,2.651910,7.511257,2.778135,0.206571,0.213800,0.192636,0.202830,0.194286,0.202372,0.200382,0.226308,0.196158,0.194470,0.189690,0.196596,0.167031,0.187284,0.189715,0.188446,0.180905,0.171834,0.206931,0.173884,0.191752,0.207933,0.197899,0.188782
351.000000,47.000000,721.000000,4.822254,5.959183,3.723340,0.236708,0.230234,0.219747,0.230799,0.224332,0.212800,0.219080,0.241938,0.217556,0.214491,0.214544,0.213676,0.207612,0.209511,0.192092,0.199866,0.186297,0.192440,0.222163,0.186035,0.185602,0.197870,0.225947,0.195559
351.000000,5.000000,43.000000,1.183754,8.608649,3.326355,0.173267,0.191833,0.181419,0.163748,0.163745,0.178727,0.179659,0.193613,0.166102,0.186972,0.174850,0.183887,0.164666,0.155024,0.191529,0.172266,0.176778,0.169250,0.187526,0.168699,0.182038,0.203303,0.167918,0.203032
351.000000,50.000000,762.000000,7.270996,4.789343,4.799845,0.253734,0.250648,0.237866,0.239385,0.247321,0.204552,0.202909,0.247414,0.225665,0.226016,0.231360,0.233894,0.209861,0.217424,0.192753,0.185165,0.182136,0.189226,0.182039,0.192256,0.177489,0.194315,0.203133,0.206534
351.000000,51.000000,761.000000,8.156469,5.117421,5.333062,0.264226,0.252246,0.238604,0.265724,0.253684,0.208590,0.208247,0.254452,0.243143,0.229901,0.230451,0.227481,0.223230,0.233931,0.175135,0.183932,0.162741,0.170481,0.191649,0.194516,0.180955,0.186464,0.227969,0.176223
351.000000,53.000000,778.000000,0.447823,8.661402,3.357157,0.183394,0.199515,0.158729,0.155895,0.158421,0.173763,0.182620,0.217862,0.166473,0.190227,0.173729,0.173701,0.137259,0.149421,0.200903,0.186561,0.174644,0.185724,0.179953,0.161583,0.194563,0.219176,0.182156,0.200435
351.000000,53.000000,808.000000,0.422102,8.688966,3.303730,0.165976,0.189852,0.132439,0.156916,0.131987,0.161037,0.163184,0.208507,0.159542,0.175852,0.173976,0.156999,0.127752,0.141777,0.187168,0.174312,0.171090,0.174426,0.172204,0.141733,0.188548,0.210724,0.180897,0.176148
351.000000,53.000000,838.000000,5.232088,8.033405,2.035774,0.235862,0.243935,0.218573,0.226943,0.203327,0.233403,0.238298,0.252991,0.211055,0.221906,0.205749,0.228693,0.175120,0.204667,0.222229,0.212814,0.202735,0.196979,0.192325,0.164384,0.165582,0.201611,0.237694,0.192127
351.000000,53.000000,868.000000,0.491986,8.714370,3.246532,0.149777,0.185906,0.153047,0.149682,0.138074,0.157109,0.173790,0.196356,0.142048,0.177488,0.157995,0.171294,0.116359,0.130373,0.185297,0.161253,0.152187,0.159754,0.189837,0.130129,0.161988,0.201111,0.162810,0.191907
351.000000,53.000000,898.000000,1.246220,8.770534,2.894123,0.184844,0.202282,0.180231,0.174872,0.162171,0.183593,0.187862,0.199723,0.160564,0.188365,0.172853,0.189774,0.162428,0.157800,0.195609,0.183664,0.176004,0.165094,0.169637,0.138477,0.166817,0.198635,0.162514,0.177434
351.000000,53.000000,928.000000,1.018095,8.682904,2.944417,0.153477,0.184683,0.154888,0.159275,0.144890,0.151465,0.157064,0.177817,0.128638,0.162189,0.148197,0.161001,0.128273,0.122270,0.176847,0.142429,0.173103,0.154482,0.144233,0.123433,0.153324,0.180075,0.147542,0.172983
351.000000,54.000000,784.000000,1.086942,7.280842,3.242745,0.195567,0.215559,0.169558,0.191407,0.175059,0.179302,0.184038,0.240346,0.180527,0.185075,0.189027,0.178036,0.153761,0.169870,0.193547,0.164935,0.177566,0.186993,0.203751,0.172156,0.188469,0.217107,0.177132,0.186433
351.000000,56.000000,789.000000,8.273824,4.932518,5.468054,0.269400,0.256890,0.240985,0.260814,0.262081,0.207439,0.193161,0.257195,0.249215,0.242739,0.244906,0.237781,0.240783,0.241605,0.179484,0.186503,0.178406,0.181859,0.190023,0.204720,0.174144,0.185667,0.235001,0.183695
351.000000,57.000000,794.000000,2.030405,7.253367,2.872000,0.204753,0.220546,0.188929,0.187668,0.176716,0.184003,0.193190,0.239661,0.185728,0.201804,0.194016,0.187168,0.157477,0.168901,0.184270,0.168020,0.173376,0.184152,0.194880,0.167470,0.168077,0.193725,0.198475,0.199182
351.000000,58.000000,798.000000,8.299706,4.966264,5.504040,0.254901,0.248422,0.235830,0.261120,0.260567,0.195201,0.183179,0.245529,0.246071,0.235697,0.245458,0.219506,0.230663,0.227359,0.167099,0.172116,0.170123,0.177927,0.182102,0.193155,0.169578,0.177408,0.226634,0.181979
351.000000,58.000000,828.000000,8.191151,5.149812,5.164057,0.268276,0.274772,0.234124,0.276795,0.262658,0.214943,0.199496,0.273319,0.243817,0.231889,0.233975,0.231061,0.223107,0.224910,0.185019,0.178891,0.172522,0.181410,0.184526,0.182217,0.170436,0.186595,0.237129,0.189007
351.000000,58.000000,858.000000,8.426149,7.112691,3.428381,0.235952,0.259990,0.226336,0.251592,0.232803,0.211749,0.189498,0.251256,0.209911,0.211240,0.222362,0.224957,0.194968,0.204012,0.160169,0.164697,0.150118,0.162103,0.189934,0.165905,0.155865,0.168021,0.233391,0.155591
351.000000,60.000000,807.000000,1.482433,7.257675,3.134409,0.191931,0.211162,0.173975,0.186829,0.173449,0.184060,0.188445,0.220193,0.183470,0.191602,0.198086,0.174528,0.157603,0.173387,0.183228,0.155565,0.169235,0.180885,0.204027,0.169758,0.172161,0.201231,0.184126,0.166746
351.000000,64.000000,865.000000,8.357883,6.834259,3.453881,0.256759,0.259001,0.227374,0.247448,0.238380,0.214301,0.205390,0.255410,0.207609,0.211347,0.219994,0.223149,0.203366,0.208386,0.168892,0.172894,0.150012,0.158028,0.187167,0.170737,0.155758,0.164074,0.227994,0.170099
351.000000,64.000000,895.000000,6.862032,5.715852,2.090307,0.245884,0.232991,0.235618,0.218344,0.215452,0.229943,0.232491,0.252091,0.214269,0.228645,0.214108,0.241578,0.201872,0.217602,0.192593,0.187867,0.185341,0.179043,0.196069,0.151818,0.157408,0.156232,0.234295,0.196750
351.000000,65.000000,904.000000,7.476690,5.699471,2.296111,0.251803,0.243654,0.233746,0.231072,0.229641,0.220883,0.217129,0.257925,0.208336,0.227476,0.234139,0.235791,0.194094,0.214267,0.182942,0.198278,0.173856,0.164177,0.200649,0.160195,0.164328,0.160367,0.227340,0.197488
351.000000,65.000000,934.000000,8.190742,6.950113,3.298676,0.243003,0.248291,0.222490,0.237986,0.222508,0.218891,0.206460,0.250913,0.213387,0.216932,0.210848,0.221132,0.183994,0.216578,0.174411,0.170551,0.156392,0.155284,0.180416,0.163077,0.153880,0.168196,0.236430,0.166431
351.000000,65.000000,964.000000,7.732940,6.209100,3.472256,0.228682,0.235014,0.217868,0.242966,0.227982,0.203371,0.184675,0.233772,0.203675,0.208943,0.221666,0.230664,0.186825,0.208613,0.172110,0.180513,0.163213,0.156476,0.184782,0.154715,0.153034,0.158828,0.215084,0.165105
351.000000,66.000000,914.000000,1.401899,7.246162,3.295135,0.201964,0.210429,0.179383,0.182661,0.179524,0.182851,0.205435,0.222785,0.193286,0.197620,0.192084,0.186142,0.152938,0.183442,0.199539,0.178863,0.189179,0.193359,0.197496,0.178613,0.180161,0.212337,0.177903,0.186402
351.000000,66.000000,944.000000,2.231628,6.981522,4.204877,0.201790,0.199273,0.172081,0.189474,0.179469,0.150283,0.180090,0.206622,0.159198,0.182770,0.176901,0.168523,0.129220,0.143964,0.176478,0.149112,0.150850,0.167389,0.163023,0.146277,0.155770,0.189071,0.162215,0.151346
351.000000,67.000000,923.000000,2.524885,7.937515,3.947188,0.212572,0.191806,0.200959,0.190680,0.193911,0.182520,0.172813,0.199987,0.191055,0.199750,0.196053,0.194462,0.173437,0.188775,0.188545,0.203343,0.180973,0.172191,0.198596,0.182981,0.189727,0.178694,0.170056,0.211548
351.000000,69.000000,945.000000,2.216253,6.973061,4.217325,0.235983,0.239107,0.203662,0.233739,0.209839,0.192933,0.206675,0.233133,0.196343,0.211959,0.210741,0.201659,0.173022,0.180031,0.193198,0.182191,0.181777,0.198763,0.203678,0.191692,0.199410,0.207373,0.195864,0.192156
351.000000,69.000000,975.000000,6.983724,6.028941,3.274198,0.221427,0.234351,0.204762,0.231534,0.219267,0.225901,0.225152,0.222308,0.207570,0.203136,0.214382,0.203356,0.176196,0.194662,0.180128,0.178189,0.157913,0.168598,0.180957,0.158705,0.168943,0.176586,0.188271,0.163352
351.000000,73.000000,958.000000,1.024691,8.674726,2.960852,0.176340,0.188621,0.157293,0.184983,0.165677,0.168410,0.161941,0.186614,0.156235,0.179589,0.172145,0.172397,0.144202,0.144129,0.190926,0.166414,0.174851,0.166428,0.155714,0.140957,0.171396,0.200439,0.155054,0.182895
351.000000,74.000000,967.000000,6.204646,5.081507,4.304867,0.241735,0.228631,0.223196,0.227943,0.226515,0.206458,0.188836,0.234665,0.216103,0.219055,0.211927,0.218864,0.193950,0.198116,0.192674,0.194673,0.180551,0.167471,0.201592,0.185854,0.182647,0.177600,0.189259,0.210315
351.000000,75.000000,1016.000000,4.896498,6.032269,3.590104,0.224894,0.210166,0.204612,0.202767,0.212792,0.196982,0.204470,0.233576,0.207719,0.203911,0.200047,0.185451,0.173578,0.197188,0.193832,0.186100,0.163641,0.177573,0.204165,0.169066,0.187797,0.188902,0.190171,0.183648
351.000000,75.000000,986.000000,3.163547,7.869114,2.145570,0.191410,0.222964,0.178599,0.188916,0.176031,0.224371,0.207654,0.240453,0.170318,0.192940,0.178859,0.187812,0.142497,0.155428,0.211093,0.190313,0.173458,0.192637,0.169100,0.123432,0.149946,0.191819,0.214290,0.200538
351.000000,76.000000,985.000000,7.589899,5.430573,2.379043,0.268223,0.263388,0.253254,0.254862,0.254065,0.234337,0.238800,0.281805,0.231214,0.249649,0.233968,0.264685,0.206925,0.227707,0.199582,0.192369,0.182495,0.180261,0.209337,0.171226,0.171840,0.184141,0.235677,0.219957
351.000000,77.000000,996.000000,-0.012336,8.651572,3.761173,0.149781,0.164072,0.140830,0.124341,0.133626,0.133591,0.153884,0.172577,0.145439,0.170257,0.155507,0.146499,0.121196,0.122308,0.186424,0.174552,0.155995,0.172814,0.226696,0.145961,0.175906,0.189652,0.137988,0.185793
351.000000,78.000000,1003.000000,2.153358,7.098323,4.178469,0.231362,0.215257,0.210018,0.208425,0.208600,0.186951,0.192405,0.217851,0.185897,0.208248,0.199576,0.201593,0.163486,0.184608,0.195974,0.196908,0.179537,0.187020,0.194025,0.183895,0.197815,0.196704,0.177685,0.195909
351.000000,8.000000,62.000000,0.910842,9.313262,3.595147,0.162469,0.182400,0.168843,0.151308,0.143033,0.191920,0.182651,0.186364,0.149121,0.176126,0.169793,0.173479,0.137951,0.143634,0.214846,0.195630,0.187601,0.180882,0.201399,0.148387,0.178492,0.191631,0.154519,0.228924
351.000000,8.000000,92.000000,1.113768,9.243973,3.277727,0.166146,0.187222,0.174044,0.156553,0.152531,0.193835,0.188236,0.200012,0.155139,0.189126,0.165929,0.185698,0.149068,0.150333,0.204120,0.181249,0.182009,0.181685,0.172511,0.136334,0.173992,0.196938,0.171650,0.217011
351.000000,80.000000,1005.000000,5.754433,6.070323,3.160208,0.216461,0.212375,0.210481,0.213356,0.192578,0.188581,0.210320,0.224253,0.185686,0.198118,0.212355,0.207708,0.174321,0.190367,0.181943,0.185616,0.159284,0.163351,0.189459,0.156171,0.181579,0.173009,0.193146,0.163461
351.000000,80.000000,1035.000000,9.453169,7.336890,3.266490,0.265465,0.260928,0.242384,0.245098,0.241814,0.227484,0.239852,0.261203,0.236789,0.222234,0.201261,0.242037,0.196835,0.230586,0.174155,0.157304,0.156326,0.154649,0.198279,0.168992,0.142620,0.165940,0.238628,0.187738
351.000000,80.000000,1065.000000,9.625299,4.633716,4.593981,0.254074,0.231880,0.227808,0.223169,0.229640,0.168427,0.176494,0.221184,0.225580,0.229890,0.217885,0.220409,0.212315,0.228981,0.142251,0.150045,0.142861,0.141628,0.160749,0.198808,0.154006,0.164496,0.217841,0.183536
351.000000,80.000000,1095.000000,9.444583,7.127177,3.383218,0.223473,0.221449,0.209427,0.201290,0.210455,0.182790,0.187824,0.212582,0.214643,0.193143,0.177825,0.200710,0.166880,0.212571,0.138203,0.122518,0.133080,0.127633,0.142860,0.150442,0.117048,0.140402,0.216330,0.145316
351.000000,80.000000,1125.000000,0.816745,7.130564,4.705049,0.210400,0.202986,0.184851,0.203777,0.192494,0.179543,0.165449,0.200766,0.205159,0.194509,0.199143,0.180401,0.153595,0.180122,0.196619,0.218484,0.205490,0.198503,0.230640,0.195061,0.225241,0.222169,0.184479,0.191297
351.000000,81.000000,1007.000000,5.863933,8.498736,2.432418,0.237367,0.244829,0.225181,0.224720,0.225502,0.243307,0.227517,0.243949,0.188304,0.206880,0.200574,0.215430,0.163481,0.179289,0.209811,0.191591,0.178468,0.175165,0.194066,0.138635,0.140646,0.170232,0.234957,0.195691
351.000000,83.000000,1018.000000,6.929108,3.975587,5.306259,0.287072,0.271550,0.252334,0.253037,0.265738,0.210777,0.215372,0.265276,0.265226,0.253333,0.229173,0.238125,0.234796,0.249983,0.196022,0.186912,0.192053,0.188530,0.190812,0.231363,0.194948,0.216724,0.206690,0.205133
351.000000,84.000000,1025.000000,-0.355669,8.040072,4.749897,0.173346,0.167351,0.156211,0.152236,0.151816,0.142125,0.144641,0.167167,0.158349,0.169904,0.144099,0.159183,0.145259,0.147763,0.193907,0.182062,0.174607,0.182834,0.185796,0.178413,0.190263,0.194543,0.135588,0.205715
351.000000,86.000000,1044.000000,1.337479,8.503282,3.030581,0.179391,0.204649,0.169095,0.165900,0.164348,0.187402,0.189186,0.215881,0.178853,0.195614,0.176528,0.182737,0.188119,0.171540,0.196909,0.169711,0.166611,0.182470,0.193255,0.162503,0.175992,0.210415,0.192247,0.191569
351.000000,86.000000,1074.000000,1.494236,8.592371,2.744644,0.190487,0.222889,0.176669,0.173755,0.177057,0.211840,0.206496,0.223669,0.179467,0.203167,0.190638,0.193172,0.185884,0.168863,0.208127,0.173984,0.174014,0.174183,0.172704,0.139667,0.157928,0.209978,0.192825,0.195745
351.000000,86.000000,1104.000000,0.693898,8.485938,3.395287,0.158407,0.190296,0.152029,0.150104,0.145504,0.160239,0.149958,0.183093,0.152076,0.177174,0.159522,0.167859,0.158646,0.140418,0.198805,0.158081,0.179663,0.177365,0.187096,0.175316,0.184978,0.224474,0.161800,0.206963
351.000000,87.000000,1070.000000,0.931790,8.548785,3.252197,0.181142,0.199796,0.171071,0.162482,0.161663,0.182804,0.173782,0.203790,0.173766,0.186759,0.170371,0.183014,0.154252,0.160237,0.201535,0.176144,0.174702,0.169786,0.192594,0.160782,0.185544,0.217730,0.181511,0.208062
351.000000,89.000000,1122.000000,5.695504,8.407168,2.370661,0.226823,0.234735,0.210704,0.219737,0.211123,0.230429,0.214812,0.237144,0.184360,0.193350,0.190469,0.202217,0.164530,0.171370,0.210286,0.200264,0.188815,0.182317,0.189432,0.140404,0.144743,0.178092,0.222450,0.205915
351.000000,89.000000,1152.000000,1.207831,9.048878,4.109900,0.182414,0.177120,0.177058,0.164091,0.167926,0.180127,0.167135,0.191575,0.166846,0.173812,0.172050,0.169933,0.145194,0.157345,0.190683,0.179386,0.173567,0.177304,0.196674,0.163743,0.175559,0.172325,0.149508,0.173047
351.000000,89.000000,1182.000000,7.936047,6.721981,3.198506,0.230829,0.246362,0.234941,0.245163,0.236029,0.204491,0.218915,0.239141,0.199388,0.192520,0.224954,0.220602,0.184889,0.193537,0.184279,0.179287,0.160446,0.177596,0.167922,0.151262,0.143384,0.171760,0.217820,0.161918
351.000000,89.000000,1212.000000,3.006808,7.498233,2.599866,0.208300,0.215528,0.192687,0.222893,0.205522,0.199031,0.208890,0.238308,0.187201,0.186947,0.185060,0.191890,0.153440,0.179146,0.189517,0.198235,0.165201,0.171597,0.208317,0.144328,0.186183,0.182203,0.207098,0.179825
351.000000,9.000000,63.000000,0.537864,8.958825,3.486292,0.148525,0.167797,0.148612,0.139711,0.142012,0.186192,0.175634,0.185627,0.141182,0.153748,0.151048,0.146600,0.117107,0.131511,0.209371,0.178468,0.160621,0.187394,0.207683,0.132698,0.169948,0.199339,0.156912,0.176245
351.000000,90.000000,1124.000000,0.888319,7.113425,4.717287,0.221678,0.208899,0.189241,0.209310,0.199223,0.170124,0.178858,0.210398,0.200827,0.192401,0.194224,0.183281,0.160364,0.181693,0.183791,0.197632,0.186935,0.188809,0.208342,0.199328,0.228373,0.215496,0.169653,0.177903
351.000000,90.000000,1154.000000,6.007730,5.641539,3.807050,0.235971,0.237617,0.215169,0.238356,0.224997,0.199052,0.192132,0.250623,0.203188,0.205562,0.205049,0.218438,0.179803,0.196332,0.182835,0.187631,0.189574,0.181676,0.210701,0.174537,0.178909,0.193693,0.204624,0.191876
351.000000,91.000000,1131.000000,4.887907,5.921855,3.702699,0.238363,0.231397,0.224408,0.227637,0.228152,0.208244,0.227267,0.238259,0.215016,0.215936,0.219101,0.201375,0.185708,0.197071,0.189229,0.191488,0.176800,0.186687,0.198986,0.175865,0.191088,0.195113,0.197483,0.185613
351.000000,93.000000,1140.000000,0.657255,9.096560,3.483278,0.166589,0.194086,0.156394,0.154561,0.149817,0.192668,0.206194,0.196443,0.149045,0.171659,0.166507,0.176879,0.146558,0.145314,0.213191,0.201450,0.176008,0.175687,0.210872,0.128276,0.172811,0.209109,0.169549,0.194517
351.000000,93.000000,1170.000000,1.144887,9.259889,3.255102,0.158995,0.180165,0.159440,0.164607,0.161801,0.182305,0.207400,0.177323,0.151216,0.171175,0.169606,0.177747,0.138653,0.154015,0.202610,0.183366,0.178563,0.166413,0.165520,0.133391,0.160834,0.188362,0.175867,0.182166
351.000000,93.000000,1200.000000,1.155064,9.155161,3.143740,0.153560,0.173628,0.158453,0.146848,0.149818,0.171692,0.180129,0.175974,0.133480,0.172723,0.160192,0.172373,0.149441,0.132174,0.186126,0.160155,0.162633,0.156243,0.160251,0.124840,0.147758,0.173398,0.142289,0.187085
351.000000,96.000000,1178.000000,-0.234280,8.796730,4.088603,0.137753,0.169870,0.123738,0.152693,0.128575,0.135094,0.136484,0.178350,0.146505,0.155425,0.155579,0.125852,0.112486,0.114432,0.186655,0.174476,0.174324,0.184396,0.198371,0.141722,0.183040,0.210329,0.159737,0.141809
351.000000,97.000000,1192.000000,2.709825,7.815408,2.434617,0.167041,0.180027,0.165780,0.164955,0.149655,0.183669,0.176416,0.197563,0.148600,0.163376,0.158892,0.150505,0.122246,0.133740,0.167571,0.173485,0.149164,0.163383,0.175054,0.130614,0.167654,0.180506,0.170549,0.155078
351.000000,98.000000,1202.000000,7.179090,5.907929,3.669472,0.239594,0.231972,0.229937,0.236778,0.227392,0.197732,0.222341,0.235052,0.219259,0.196572,0.213236,0.213001,0.179632,0.211232,0.179215,0.187745,0.148537,0.172273,0.163079,0.160486,0.157239,0.171093,0.185981,0.165718
351.000000,98.000000,1232.000000,7.120901,5.247455,2.712741,0.247106,0.222288,0.241948,0.218684,0.215086,0.185462,0.212426,0.243139,0.203453,0.221863,0.206732,0.230359,0.195385,0.211263,0.184406,0.181939,0.162917,0.168456,0.209916,0.174487,0.172386,0.168008,0.189730,0.188246
351.000000,98.000000,1262.000000,9.647388,5.760536,3.998356,0.257597,0.262048,0.255023,0.246810,0.252506,0.197344,0.208727,0.255790,0.228181,0.214150,0.237475,0.233594,0.207970,0.219196,0.172316,0.162690,0.155398,0.181136,0.192841,0.167069,0.155976,0.164414,0.214993,0.175434
351.000000,98.000000,1292.000000,10.041993,5.837575,4.186851,0.239791,0.244316,0.246334,0.240085,0.231772,0.189240,0.214415,0.240970,0.221012,0.202351,0.213813,0.225391,0.200931,0.208496,0.157719,0.155164,0.131594,0.158685,0.172315,0.151472,0.131162,0.149337,0.214770,0.153178
351.000000,98.000000,1322.000000,-0.334844,8.783237,4.198184,0.159862,0.171456,0.140372,0.150934,0.139462,0.136496,0.132608,0.174066,0.146850,0.154296,0.151132,0.130085,0.100459,0.115525,0.179356,0.166522,0.181630,0.180711,0.172459,0.158732,0.179663,0.201213,0.163044,0.172412
351.000000,99.000000,1205.000000,1.021611,8.699852,3.047245,0.158059,0.167781,0.153533,0.153027,0.157483,0.160984,0.157921,0.167853,0.142296,0.175079,0.165992,0.160203,0.131207,0.137746,0.182160,0.163878,0.168303,0.159711,0.165334,0.133626,0.164790,0.174653,0.140087,0.183208
352.000000,1.000000,122.000000,11.847298,3.334152,6.722007,0.219441,0.197210,0.205073,0.186605,0.191793,0.193781,0.184072,0.207291,0.190433,0.249682,0.222342,0.202415,0.194315,0.186228,0.169066,0.176900,0.156602,0.163929,0.162347,0.178720,0.157415,0.156203,0.194227,0.207681
352.000000,1.000000,152.000000,2.628873,8.027759,3.733092,0.218866,0.219525,0.217654,0.199522,0.211416,0.192799,0.199750,0.234657,0.191120,0.202184,0.202689,0.212586,0.175204,0.188002,0.207615,0.206558,0.175852,0.175098,0.213266,0.161300,0.189929,0.179850,0.185098,0.210745
352.000000,1.000000,2.000000,1.127057,6.851873,5.108491,0.174693,0.181818,0.165206,0.140622,0.166992,0.157042,0.147129,0.180596,0.148128,0.196404,0.179751,0.175739,0.126719,0.142034,0.172270,0.166058,0.146792,0.173044,0.148647,0.164848,0.152640,0.165089,0.151751,0.213262
352.000000,1.000000,32.000000,11.916710,3.279531,6.789196,0.192955,0.180076,0.172623,0.162786,0.167999,0.158097,0.133738,0.180460,0.165244,0.232461,0.221839,0.181181,0.197264,0.165824,0.146333,0.144778,0.136868,0.160677,0.141160,0.172238,0.143828,0.139613,0.170910,0.183876
352.000000,1.000000,62.000000,11.850249,3.335540,6.723691,0.204456,0.195502,0.193604,0.181687,0.180402,0.177069,0.166317,0.195803,0.185816,0.245738,0.232380,0.196660,0.195215,0.186386,0.154460,0.157786,0.142675,0.162071,0.146528,0.165434,0.145541,0.143685,0.203755,0.185147
352.000000,1.000000,92.000000,11.917047,3.277345,6.789813,0.192773,0.185431,0.180534,0.161714,0.168803,0.166950,0.155013,0.187146,0.171810,0.236334,0.212620,0.189904,0.176585,0.169057,0.154939,0.152182,0.140970,0.159837,0.145013,0.165701,0.145660,0.143925,0.190043,0.186881
352.000000,102.000000,1289.000000,7.711157,8.884484,2.266377,0.201614,0.212726,0.200276,0.194598,0.209389,0.225742,0.222521,0.230657,0.184880,0.194555,0.168965,0.204306,0.167979,0.187602,0.198229,0.197163,0.154116,0.152632,0.162468,0.114384,0.128646,0.167401,0.243351,0.158142
352.000000,102.000000,1319.000000,4.746895,8.373429,1.641059,0.231553,0.236755,0.204741,0.233702,0.249028,0.230923,0.209875,0.242972,0.212754,0.211916,0.217272,0.213545,0.200072,0.201375,0.200462,0.206027,0.179010,0.169502,0.176279,0.147294,0.173215,0.195262,0.228940,0.215940
352.000000,102.000000,1349.000000,6.009370,5.870684,2.432451,0.235108,0.236518,0.225301,0.212955,0.229399,0.256286,0.238245,0.258297,0.227531,0.224705,0.208682,0.228919,0.204173,0.223705,0.211264,0.219325,0.194068,0.182758,0.204336,0.164217,0.199519,0.193737,0.225049,0.206000
352.000000,103.000000,1289.000000,1.209646,9.591104,3.760072,0.179864,0.186945,0.189533,0.153993,0.165571,0.177164,0.189070,0.199980,0.166380,0.187615,0.167633,0.186622,0.145967,0.162275,0.213676,0.215095,0.190940,0.184627,0.196156,0.146598,0.173047,0.179280,0.183190,0.222020
352.000000,103.000000,1319.000000,5.156943,8.548281,1.623608,0.202169,0.205233,0.198599,0.199792,0.220192,0.222612,0.207311,0.220976,0.184244,0.195930,0.179911,0.204289,0.164354,0.182891,0.203695,0.209468,0.162989,0.152899,0.168643,0.127176,0.144217,0.160393,0.222973,0.205368
352.000000,103.000000,1349.000000,5.587040,8.507808,2.226128,0.189864,0.214896,0.188539,0.184449,0.187675,0.206189,0.206460,0.220119,0.177227,0.183026,0.185980,0.186729,0.151277,0.165373,0.196584,0.181014,0.152675,0.160434,0.189110,0.135223,0.149602,0.164825,0.205123,0.189977
352.000000,104.000000,1303.000000,1.279983,9.543284,3.748324,0.190320,0.187112,0.184628,0.169717,0.170367,0.186978,0.188251,0.180344,0.178343,0.192685,0.167844,0.195000,0.162431,0.169371,0.202223,0.204416,0.182013,0.169332,0.187657,0.163681,0.179429,0.178243,0.177439,0.228966
352.000000,106.000000,1302.000000,5.133284,8.523695,1.573197,0.214977,0.212625,0.221492,0.197714,0.216565,0.249988,0.245660,0.226799,0.202650,0.214731,0.192491,0.226897,0.184589,0.208047,0.209084,0.211530,0.180995,0.165277,0.176711,0.132181,0.158081,0.170200,0.237009,0.196096
352.000000,107.000000,1303.000000,5.162597,8.491219,1.604192,0.229395,0.241283,0.231067,0.218996,0.229722,0.263207,0.250892,0.255066,0.214768,0.231818,0.205702,0.239520,0.202806,0.210783,0.224873,0.216067,0.202614,0.178159,0.174735,0.137755,0.162420,0.185075,0.247372,0.214874
352.000000,108.000000,1308.000000,1.205899,9.488439,3.542939,0.181883,0.190188,0.175350,0.158762,0.166661,0.183926,0.195162,0.192882,0.160852,0.183079,0.166323,0.177707,0.146364,0.152029,0.197433,0.194018,0.184390,0.179205,0.177861,0.149370,0.170475,0.180653,0.163698,0.219408
352.000000,110.000000,1347.000000,7.348359,5.262863,2.207230,0.249068,0.234108,0.241572,0.223727,0.225739,0.208227,0.221055,0.248638,0.211333,0.242357,0.217834,0.232219,0.208734,0.211401,0.188424,0.206087,0.164545,0.174957,0.205994,0.153380,0.158099,0.156457,0.215985,0.205542
352.000000,110.000000,1377.000000,7.346371,5.661282,2.237207,0.233803,0.231310,0.235000,0.229573,0.232651,0.225109,0.241207,0.249122,0.218839,0.223871,0.216239,0.230382,0.211754,0.213259,0.192483,0.197289,0.164615,0.164698,0.191853,0.153312,0.166990,0.164057,0.227185,0.208030
352.000000,111.000000,1361.000000,0.817269,8.322233,3.255067,0.186772,0.205407,0.172276,0.171654,0.179671,0.182237,0.181340,0.208466,0.174494,0.186591,0.178344,0.183320,0.140647,0.158446,0.215769,0.179815,0.189923,0.190043,0.184781,0.167694,0.179236,0.215190,0.157590,0.198740
352.000000,112.000000,1373.000000,1.283029,9.582832,3.802906,0.181201,0.177707,0.185905,0.151735,0.169077,0.204644,0.195798,0.192043,0.174065,0.180064,0.169293,0.194678,0.149591,0.175161,0.210283,0.210836,0.184450,0.182679,0.187002,0.156730,0.184858,0.183021,0.180656,0.200294
352.000000,114.000000,1386.000000,5.304173,8.019086,1.776800,0.210305,0.236918,0.197926,0.198290,0.198400,0.211677,0.216883,0.234913,0.206375,0.219588,0.211782,0.219141,0.180654,0.193158,0.190377,0.169865,0.172749,0.183057,0.177008,0.148528,0.143850,0.179452,0.215427,0.193191
352.000000,114.000000,1416.000000,6.987943,7.976998,1.612412,0.208886,0.211121,0.222311,0.209464,0.198593,0.194438,0.230968,0.233930,0.180744,0.214464,0.204839,0.202889,0.187142,0.168974,0.166592,0.163796,0.135735,0.143468,0.176060,0.130106,0.155882,0.152515,0.231002,0.171733
352.000000,114.000000,1446.000000,6.069048,7.921165,1.565563,0.212615,0.215337,0.208455,0.200294,0.188151,0.197270,0.233366,0.229585,0.190614,0.232566,0.202588,0.206747,0.175558,0.178960,0.177440,0.175712,0.154157,0.158138,0.196321,0.142555,0.156091,0.172177,0.217807,0.193383
352.000000,115.000000,1387.000000,6.713221,4.506986,2.797172,0.250128,0.247013,0.243430,0.222756,0.229047,0.234336,0.231637,0.254233,0.234887,0.253752,0.230714,0.258534,0.212015,0.224650,0.202749,0.192432,0.186585,0.181629,0.198908,0.184116,0.175527,0.179769,0.228160,0.221649
352.000000,115.000000,1417.000000,8.559548,4.967407,4.766350,0.229916,0.234258,0.223645,0.231829,0.225819,0.197738,0.195602,0.238058,0.211780,0.242301,0.244921,0.223299,0.200741,0.199360,0.167965,0.161235,0.151328,0.166731,0.170460,0.167454,0.156679,0.166710,0.219770,0.186222
352.000000,115.000000,1447.000000,5.892210,5.914832,3.198246,0.213054,0.202810,0.215484,0.201226,0.201020,0.183702,0.200363,0.208047,0.187811,0.214585,0.212097,0.204051,0.172610,0.190332,0.176816,0.178136,0.150514,0.154565,0.178771,0.164185,0.150610,0.160928,0.197374,0.172223
352.000000,116.000000,1390.000000,0.032443,7.604271,4.459687,0.202001,0.197412,0.177691,0.179557,0.186755,0.156360,0.169229,0.194433,0.179566,0.188091,0.176039,0.178509,0.154844,0.164981,0.193203,0.183087,0.189567,0.194124,0.191171,0.201066,0.205711,0.215291,0.170541,0.214703
352.000000,119.000000,1459.000000,6.166742,8.246716,1.452443,0.237625,0.244806,0.215928,0.220742,0.209762,0.225659,0.233931,0.252315,0.208546,0.231754,0.205583,0.217200,0.198277,0.192414,0.196059,0.169351,0.175037,0.167638,0.185448,0.159406,0.163134,0.206900,0.243540,0.199568
352.000000,119.000000,1489.000000,6.247173,8.231437,1.479042,0.215886,0.213208,0.202617,0.205782,0.203297,0.219697,0.228398,0.231586,0.194253,0.211285,0.196355,0.210121,0.174010,0.180075,0.175800,0.162024,0.167365,0.158744,0.188573,0.143018,0.151869,0.177937,0.241213,0.176826
352.000000,119.000000,1519.000000,6.360352,8.134422,1.515515,0.217112,0.228978,0.202596,0.206057,0.205859,0.207190,0.209562,0.223762,0.202891,0.216382,0.216518,0.209329,0.193400,0.195371,0.176933,0.172871,0.168655,0.156723,0.177878,0.159293,0.150071,0.185643,0.241797,0.181341
352.000000,120.000000,1499.000000,2.753280,8.218630,3.364671,0.215251,0.221723,0.197427,0.189214,0.201087,0.204808,0.213969,0.229885,0.194770,0.211400,0.189489,0.210356,0.168013,0.181803,0.202378,0.194560,0.187644,0.165491,0.201842,0.162319,0.175271,0.199815,0.203185,0.224166
352.000000,120.000000,1529.000000,6.345163,8.133932,1.499660,0.211169,0.212951,0.188624,0.201548,0.195066,0.198079,0.214186,0.228083,0.187206,0.204530,0.200695,0.200906,0.171681,0.183196,0.170601,0.171517,0.166436,0.155062,0.187500,0.157028,0.159317,0.177482,0.231783,0.177115
352.000000,120.000000,1559.000000,6.509066,8.106702,1.522971,0.210643,0.209685,0.194241,0.202726,0.200613,0.184134,0.215788,0.215923,0.181194,0.200047,0.191569,0.189726,0.168995,0.170286,0.157325,0.152991,0.148910,0.141447,0.176248,0.151319,0.145505,0.169229,0.226899,0.158257
352.000000,120.000000,1589.000000,6.093522,8.196196,1.513316,0.207248,0.222817,0.202960,0.193629,0.184933,0.216519,0.214888,0.230458,0.194241,0.218838,0.198947,0.196619,0.169041,0.172731,0.185576,0.188383,0.170243,0.149392,0.176280,0.148884,0.166215,0.195885,0.222184,0.200075
352.000000,126.000000,1560.000000,4.700841,5.852932,3.905869,0.217622,0.219971,0.203346,0.209169,0.206466,0.189364,0.209616,0.215894,0.199245,0.212244,0.210557,0.200367,0.182146,0.187797,0.188535,0.182238,0.172742,0.189122,0.192767,0.183532,0.176745,0.196733,0.199834,0.178914
352.000000,127.000000,1613.000000,5.660213,8.487610,2.236067,0.177674,0.200127,0.184675,0.173782,0.178624,0.179454,0.187153,0.188938,0.153345,0.183641,0.176482,0.176365,0.141459,0.145946,0.184272,0.171841,0.144193,0.145346,0.171104,0.119576,0.138024,0.167360,0.212504,0.157620
352.000000,127.000000,1643.000000,5.388062,8.048650,1.949680,0.220402,0.233371,0.214135,0.209665,0.206626,0.212425,0.228874,0.234720,0.198052,0.208358,0.203677,0.220966,0.178634,0.191113,0.199177,0.197817,0.173696,0.176597,0.189860,0.146735,0.158118,0.175808,0.222373,0.203988
352.000000,127.000000,1673.000000,5.935058,7.798038,1.555570,0.225168,0.208365,0.214120,0.196711,0.194145,0.188004,0.213226,0.220533,0.189782,0.220839,0.209081,0.205922,0.181489,0.178161,0.178701,0.183346,0.153949,0.167705,0.187888,0.145206,0.152619,0.151270,0.215529,0.203154
352.000000,127.000000,1703.000000,5.528500,8.999109,1.677520,0.143654,0.129824,0.160266,0.132106,0.111173,0.161914,0.220272,0.154207,0.140018,0.183140,0.133351,0.155169,0.125725,0.136225,0.129849,0.135338,0.124286,0.130219,0.167677,0.119388,0.130583,0.135501,0.205471,0.144544
352.000000,127.000000,1733.000000,5.864139,8.874387,1.641326,0.164459,0.144302,0.184468,0.158925,0.138715,0.171748,0.224858,0.156520,0.141874,0.193711,0.151290,0.162404,0.140292,0.137738,0.126112,0.132012,0.109855,0.116411,0.159217,0.114857,0.119785,0.128133,0.215517,0.140730
352.000000,127.000000,1763.000000,5.849613,8.583809,2.371773,0.189354,0.211074,0.186813,0.175055,0.177767,0.217028,0.222011,0.218076,0.166952,0.190427,0.183127,0.200016,0.161425,0.161425,0.183857,0.172103,0.157517,0.155965,0.175890,0.122709,0.136978,0.168850,0.219791,0.180288
352.000000,127.000000,1793.000000,7.229359,5.286216,4.354797,0.272665,0.260568,0.252907,0.264249,0.267644,0.219367,0.211336,0.247867,0.232865,0.223202,0.240495,0.243723,0.218765,0.223070,0.199751,0.201039,0.179539,0.176348,0.202787,0.184880,0.181323,0.180419,0.218416,0.215867
352.000000,128.000000,1640.000000,1.168310,9.534148,3.735591,0.174121,0.182431,0.175642,0.154332,0.160672,0.186754,0.186372,0.185993,0.166298,0.182172,0.158549,0.183622,0.142177,0.156492,0.207660,0.205465,0.188891,0.186231,0.192014,0.153356,0.190502,0.189662,0.170850,0.210134
352.000000,129.000000,1651.000000,1.327923,9.610911,3.850956,0.177630,0.184874,0.196119,0.156906,0.168840,0.184402,0.186580,0.192262,0.165262,0.185062,0.170276,0.185190,0.148961,0.164796,0.203608,0.205301,0.175849,0.173877,0.200125,0.156171,0.178745,0.176455,0.173777,0.203145
352.000000,13.000000,270.000000,-0.045805,8.215095,4.881779,0.172447,0.172278,0.160551,0.162349,0.163865,0.154386,0.150401,0.175093,0.171612,0.174743,0.189441,0.170458,0.159020,0.160418,0.183223,0.189294,0.167426,0.174521,0.197653,0.159727,0.191266,0.182406,0.145311,0.208937
352.000000,13.000000,300.000000,-0.356575,7.994988,4.664824,0.141895,0.149741,0.126889,0.134741,0.126019,0.112074,0.126420,0.151587,0.135103,0.150221,0.161563,0.138509,0.143411,0.130357,0.174163,0.171944,0.153524,0.184879,0.167978,0.143388,0.178608,0.180507,0.127046,0.177777
352.000000,131.000000,1717.000000,6.170378,8.261587,1.428245,0.193998,0.208999,0.190063,0.183244,0.176616,0.198107,0.220190,0.220684,0.193542,0.207346,0.176912,0.189614,0.172193,0.167519,0.158017,0.143486,0.145650,0.136851,0.174396,0.132859,0.138833,0.183445,0.222120,0.158363
352.000000,135.000000,1769.000000,0.455778,7.487632,4.468819,0.208696,0.220497,0.187460,0.201674,0.198048,0.173396,0.176906,0.207678,0.185335,0.201007,0.194740,0.182422,0.152670,0.167833,0.203760,0.195735,0.202997,0.208612,0.181585,0.193329,0.191946,0.220425,0.184263,0.204750
352.000000,136.000000,1792.000000,7.330986,5.930831,2.105694,0.219361,0.223344,0.210357,0.213047,0.214574,0.201179,0.203718,0.231837,0.190310,0.212661,0.212333,0.204358,0.166247,0.183829,0.175872,0.178266,0.144018,0.153162,0.187954,0.140726,0.154617,0.164287,0.228053,0.195255
352.000000,136.000000,1822.000000,3.204740,7.868920,2.139938,0.193453,0.240482,0.174479,0.193732,0.166729,0.212629,0.191889,0.230017,0.170554,0.182148,0.172843,0.191337,0.155010,0.163218,0.190594,0.169271,0.176404,0.178917,0.187125,0.129500,0.150047,0.188041,0.230566,0.195289
352.000000,136.000000,1852.000000,5.904031,8.579447,2.476828,0.207281,0.244276,0.209768,0.209233,0.202242,0.236572,0.223210,0.239050,0.182893,0.200394,0.192099,0.224205,0.157239,0.182658,0.198911,0.183246,0.166204,0.168514,0.192041,0.132717,0.143433,0.177136,0.237620,0.202266
352.000000,138.000000,1796.000000,0.354150,7.754727,4.367019,0.191151,0.197150,0.169725,0.166182,0.172232,0.155493,0.160609,0.196713,0.166803,0.196687,0.178530,0.170205,0.136961,0.149894,0.190085,0.186171,0.179784,0.187691,0.180551,0.181545,0.187512,0.192163,0.155717,0.203672
352.000000,138.000000,1826.000000,5.824535,6.136569,3.054382,0.222627,0.227315,0.212562,0.216546,0.202736,0.199669,0.217469,0.226655,0.202781,0.212599,0.217346,0.211393,0.179308,0.188963,0.194973,0.186621,0.168778,0.162332,0.190858,0.161273,0.166899,0.174284,0.202139,0.192809
352.000000,138.000000,1856.000000,7.427915,5.931938,2.273362,0.213099,0.224334,0.207354,0.226338,0.217576,0.200510,0.178934,0.209474,0.197857,0.207706,0.226131,0.208858,0.182810,0.186911,0.177442,0.176769,0.154014,0.152996,0.160508,0.135613,0.140977,0.151090,0.221727,0.187097
352.000000,15.000000,311.000000,5.994875,5.584320,3.872200,0.197004,0.194757,0.185464,0.206234,0.183219,0.182161,0.170299,0.210782,0.180925,0.190419,0.185608,0.185944,0.161401,0.165611,0.166056,0.169983,0.159588,0.157425,0.190301,0.139104,0.158384,0.155893,0.173922,0.178525
352.000000,16.000000,321.000000,5.863875,5.804883,3.605285,0.211101,0.225311,0.201989,0.213674,0.202594,0.185527,0.174418,0.232353,0.197595,0.199221,0.208503,0.210046,0.178652,0.193216,0.171967,0.157228,0.160591,0.173180,0.191940,0.155599,0.160051,0.166470,0.183742,0.173674
352.000000,2.000000,168.000000,-0.257049,8.534368,4.256270,0.167617,0.177633,0.159755,0.156534,0.158315,0.137164,0.156429,0.184163,0.155761,0.163866,0.161435,0.148158,0.127814,0.150589,0.187410,0.193861,0.172083,0.184740,0.187994,0.166430,0.215837,0.202032,0.140930,0.183953
352.000000,2.000000,198.000000,1.264159,9.601061,3.841242,0.176445,0.180157,0.190345,0.165968,0.164985,0.181689,0.192449,0.195964,0.177513,0.185632,0.181190,0.191977,0.159287,0.164561,0.217374,0.220583,0.186005,0.188901,0.209671,0.156895,0.189050,0.185368,0.167672,0.212663
352.000000,22.000000,354.000000,7.587392,4.966907,5.004138,0.257980,0.258274,0.237040,0.265191,0.250451,0.199606,0.205011,0.252179,0.224858,0.229558,0.232835,0.224919,0.213675,0.212292,0.180149,0.178739,0.164924,0.180898,0.196769,0.203916,0.192570,0.192983,0.219052,0.190466
352.000000,22.000000,384.000000,8.262072,6.486543,3.474986,0.271078,0.265140,0.249362,0.278208,0.266768,0.228957,0.220334,0.257354,0.226891,0.234922,0.242231,0.237437,0.228950,0.221206,0.194808,0.193661,0.173131,0.182689,0.198579,0.183468,0.166410,0.181761,0.248264,0.181328
352.000000,22.000000,414.000000,7.620118,5.519467,2.667063,0.251526,0.247842,0.245110,0.248601,0.241934,0.221273,0.215983,0.244601,0.221699,0.231808,0.222575,0.234864,0.207745,0.209034,0.193614,0.187668,0.171368,0.167089,0.198114,0.170151,0.160094,0.163693,0.217206,0.193118
352.000000,25.000000,405.000000,0.467722,8.119977,3.796158,0.185331,0.199069,0.174307,0.170198,0.167692,0.166631,0.175565,0.196697,0.175880,0.181170,0.175936,0.168456,0.139074,0.158501,0.193954,0.182721,0.188680,0.195315,0.193153,0.176456,0.191992,0.209215,0.166110,0.193227
352.000000,26.000000,417.000000,4.920048,5.797915,3.828189,0.195727,0.199623,0.170636,0.188076,0.177822,0.169355,0.172871,0.192117,0.174691,0.177223,0.184739,0.175959,0.144499,0.174308,0.155245,0.144211,0.151586,0.155499,0.164693,0.150234,0.154033,0.155160,0.166003,0.155314
352.000000,27.000000,421.000000,0.292465,8.057346,3.962981,0.172904,0.189662,0.168180,0.160693,0.163898,0.154156,0.151186,0.190333,0.163098,0.174111,0.166926,0.152065,0.116419,0.142442,0.177663,0.168254,0.167009,0.169520,0.194559,0.158967,0.181319,0.190907,0.137312,0.174439
352.000000,27.000000,451.000000,0.910121,7.238894,3.450710,0.173656,0.176848,0.168253,0.163659,0.149756,0.147928,0.157848,0.198322,0.160411,0.170776,0.154920,0.149125,0.116118,0.135661,0.153166,0.142011,0.154374,0.152860,0.179100,0.153070,0.176823,0.175758,0.148932,0.166327
352.000000,27.000000,481.000000,7.280950,5.143739,4.713643,0.227171,0.229091,0.207347,0.224958,0.211726,0.181944,0.184962,0.235901,0.201132,0.208018,0.196644,0.199037,0.166206,0.182579,0.169643,0.165330,0.164214,0.160497,0.175947,0.155322,0.169324,0.166301,0.164558,0.177718
352.000000,27.000000,511.000000,0.306144,8.175328,4.107435,0.185277,0.194398,0.168702,0.161869,0.164067,0.152235,0.160786,0.199969,0.165686,0.181237,0.169449,0.167861,0.128601,0.153476,0.197321,0.194539,0.180782,0.185760,0.176354,0.167585,0.194076,0.206313,0.153060,0.191837
352.000000,27.000000,541.000000,-0.400767,8.788359,4.162961,0.152228,0.159029,0.139974,0.151525,0.133217,0.129236,0.120216,0.156445,0.152883,0.156017,0.147686,0.139313,0.090098,0.121199,0.166705,0.167398,0.159800,0.169877,0.164573,0.138916,0.179583,0.185747,0.147234,0.156522
352.000000,28.000000,427.000000,-1.380855,8.496694,4.201244,0.169808,0.160454,0.145831,0.136694,0.137144,0.098271,0.106038,0.152720,0.127778,0.146169,0.141126,0.131318,0.125198,0.138084,0.171986,0.152015,0.150089,0.192388,0.165423,0.181316,0.175382,0.221499,0.120618,0.132648
352.000000,28.000000,457.000000,-0.870821,8.443228,4.232229,0.171944,0.159387,0.144883,0.147753,0.135509,0.133689,0.140251,0.168481,0.157028,0.172701,0.159297,0.158991,0.126068,0.148525,0.173310,0.150839,0.168988,0.179607,0.175947,0.195361,0.198703,0.205523,0.141779,0.173465
352.000000,29.000000,430.000000,7.644208,5.004350,4.982995,0.249118,0.244613,0.231021,0.262949,0.249188,0.194573,0.182541,0.226461,0.214354,0.226367,0.225914,0.204759,0.213487,0.189515,0.168202,0.162588,0.155076,0.162953,0.180672,0.195604,0.165386,0.176793,0.196885,0.167399
352.000000,29.000000,460.000000,7.464128,5.058424,4.821846,0.273703,0.271116,0.251682,0.269807,0.265175,0.217172,0.216682,0.268924,0.237367,0.241094,0.242661,0.236768,0.223716,0.218365,0.197691,0.187664,0.177320,0.189192,0.203668,0.195866,0.188704,0.200479,0.211768,0.199707
352.000000,29.000000,490.000000,7.303531,5.148458,4.605591,0.262987,0.250133,0.243979,0.250772,0.247178,0.204345,0.202380,0.255091,0.227379,0.229492,0.225360,0.232588,0.201478,0.215980,0.185192,0.181263,0.175683,0.172024,0.190638,0.185146,0.178161,0.176719,0.188041,0.205259
352.000000,3.000000,171.000000,7.129914,5.264065,2.546144,0.254490,0.239802,0.255801,0.234347,0.247109,0.206398,0.233940,0.249072,0.222335,0.225930,0.215254,0.243861,0.206046,0.224877,0.189148,0.183048,0.172807,0.172233,0.211604,0.175026,0.177862,0.177111,0.215744,0.206552
352.000000,3.000000,201.000000,6.939106,5.493336,2.681812,0.244913,0.237350,0.237231,0.238652,0.223865,0.201556,0.237009,0.231957,0.204926,0.217189,0.211917,0.233946,0.205286,0.200660,0.186045,0.183833,0.173098,0.170410,0.208020,0.170860,0.175922,0.175663,0.222578,0.205276
352.000000,31.000000,452.000000,-0.276379,7.785763,4.549074,0.180407,0.181439,0.167818,0.164163,0.162080,0.148507,0.149445,0.185116,0.168123,0.183175,0.167419,0.163077,0.162784,0.151042,0.189860,0.180455,0.194428,0.189629,0.191085,0.190007,0.203270,0.207724,0.159173,0.204700
352.000000,32.000000,454.000000,6.820688,5.034152,4.160364,0.253391,0.237544,0.234694,0.226406,0.231020,0.209324,0.203882,0.241237,0.213041,0.231136,0.221742,0.241692,0.212800,0.210309,0.191484,0.201206,0.176329,0.174043,0.187414,0.184920,0.176463,0.176229,0.207073,0.221027
352.000000,32.000000,484.000000,0.331486,8.564517,4.432835,0.164266,0.167486,0.157537,0.155085,0.153934,0.145759,0.148629,0.191728,0.154225,0.175929,0.158381,0.169366,0.123038,0.152230,0.183703,0.192334,0.161262,0.172774,0.179147,0.150727,0.181337,0.173465,0.158443,0.194938
352.000000,33.000000,494.000000,0.250192,8.693745,4.378283,0.180311,0.184066,0.171222,0.168224,0.168801,0.178742,0.191846,0.200036,0.171684,0.177114,0.166644,0.168908,0.135813,0.166732,0.200824,0.212516,0.187418,0.184466,0.216899,0.177645,0.227757,0.205187,0.161469,0.196996
352.000000,36.000000,511.000000,7.223957,5.403174,4.162699,0.268795,0.259643,0.248803,0.264882,0.254861,0.222307,0.223936,0.264745,0.237810,0.240968,0.227457,0.242707,0.224836,0.223375,0.203722,0.211632,0.197544,0.189175,0.202702,0.174267,0.187530,0.187869,0.225062,0.214071
352.000000,36.000000,541.000000,7.029770,6.039726,3.236861,0.261915,0.262191,0.244099,0.263316,0.248308,0.243798,0.242054,0.262760,0.233164,0.240834,0.238175,0.244762,0.221157,0.220148,0.207331,0.213850,0.186772,0.186072,0.215219,0.176337,0.193658,0.185343,0.241682,0.193039
352.000000,36.000000,571.000000,2.620460,7.628372,2.509799,0.160157,0.171634,0.150546,0.169887,0.136754,0.165920,0.156060,0.176982,0.155945,0.175628,0.178892,0.153582,0.124949,0.140082,0.149456,0.175099,0.136995,0.143925,0.167030,0.132074,0.175338,0.164540,0.181485,0.136892
352.000000,36.000000,601.000000,6.985772,6.094475,0.970040,0.224082,0.250720,0.213204,0.230090,0.201210,0.225816,0.208480,0.254389,0.194831,0.213981,0.205673,0.237628,0.168623,0.185498,0.174619,0.167127,0.155578,0.160901,0.181826,0.136067,0.138860,0.153462,0.216996,0.154705
352.000000,36.000000,631.000000,3.453753,7.848612,2.077834,0.166721,0.202664,0.157782,0.182486,0.163571,0.188781,0.187538,0.202649,0.177387,0.184950,0.195392,0.176959,0.126858,0.157253,0.171257,0.160751,0.152782,0.174280,0.180291,0.132285,0.154325,0.170115,0.189456,0.161321
352.000000,37.000000,513.000000,1.168151,9.079655,4.129524,0.193573,0.191627,0.195745,0.172388,0.183400,0.185287,0.180375,0.200655,0.181714,0.185813,0.176499,0.192793,0.162346,0.175184,0.206789,0.210299,0.185574,0.185020,0.207273,0.174153,0.200189,0.195802,0.166121,0.216047
352.000000,40.000000,536.000000,8.465128,6.690250,3.556916,0.249548,0.248747,0.228525,0.244843,0.248680,0.192399,0.192972,0.257570,0.211697,0.220774,0.216718,0.225941,0.202580,0.197817,0.161691,0.161522,0.137113,0.157323,0.184382,0.177142,0.165955,0.166653,0.226817,0.172674
352.000000,40.000000,566.000000,7.966639,5.130575,2.490812,0.258763,0.252194,0.253998,0.224639,0.246485,0.205095,0.206415,0.255084,0.208845,0.232170,0.211886,0.277635,0.197632,0.216440,0.179910,0.173583,0.159664,0.172377,0.180039,0.170119,0.152746,0.159458,0.197679,0.191421
352.000000,40.000000,596.000000,8.046489,5.200067,2.544538,0.250999,0.247847,0.248509,0.230185,0.252762,0.203945,0.196516,0.261377,0.214006,0.222414,0.215904,0.251399,0.201718,0.210125,0.172939,0.165078,0.144036,0.158016,0.193281,0.164425,0.159273,0.153586,0.206845,0.203498
352.000000,40.000000,626.000000,2.524830,7.919722,3.967875,0.214449,0.194978,0.206120,0.186895,0.206167,0.184318,0.177214,0.208757,0.195510,0.202831,0.192316,0.202504,0.186017,0.190202,0.198877,0.215630,0.177683,0.179425,0.198966,0.178576,0.196647,0.184356,0.167014,0.223234
352.000000,40.000000,656.000000,6.182769,5.006235,4.372286,0.229821,0.225409,0.212901,0.208455,0.219585,0.197807,0.174465,0.221363,0.202782,0.212332,0.214558,0.216835,0.186036,0.187518,0.193764,0.196020,0.165151,0.179613,0.182923,0.178094,0.172843,0.169023,0.164080,0.214754
352.000000,41.000000,544.000000,0.802362,7.195658,4.665142,0.182571,0.191328,0.167299,0.185224,0.177203,0.156805,0.151082,0.184376,0.184239,0.179307,0.189242,0.170523,0.140496,0.167223,0.182839,0.188975,0.167478,0.180642,0.199099,0.160499,0.199172,0.187030,0.155961,0.183495
352.000000,44.000000,584.000000,1.715702,7.270164,3.935848,0.191150,0.188144,0.184460,0.174478,0.175113,0.173305,0.179030,0.187321,0.179155,0.194551,0.187773,0.174384,0.148518,0.163865,0.176693,0.165074,0.171165,0.177486,0.190762,0.162703,0.181061,0.184031,0.153565,0.180704
352.000000,45.000000,648.000000,0.405040,8.773448,3.213434,0.139334,0.164742,0.140613,0.135647,0.130348,0.154439,0.152323,0.168949,0.144854,0.161419,0.154696,0.145062,0.100619,0.127556,0.173285,0.150364,0.155062,0.157760,0.177625,0.121915,0.153578,0.184485,0.167293,0.156774
352.000000,45.000000,678.000000,7.001227,6.109831,0.993051,0.218549,0.240820,0.204972,0.227154,0.195205,0.224817,0.202291,0.237382,0.187211,0.221597,0.219463,0.223211,0.174875,0.179852,0.166923,0.166302,0.147725,0.154305,0.172239,0.126146,0.139869,0.154475,0.218476,0.161552
352.000000,45.000000,708.000000,7.087621,6.093199,1.489106,0.200081,0.216331,0.179923,0.198426,0.171860,0.174273,0.176130,0.211444,0.168544,0.180008,0.179451,0.183572,0.137436,0.149052,0.155900,0.157650,0.142339,0.146472,0.163238,0.119430,0.140232,0.141622,0.188682,0.155671
352.000000,45.000000,738.000000,7.272309,5.066506,4.883586,0.235336,0.244105,0.206070,0.261531,0.231463,0.206254,0.190091,0.249610,0.216343,0.215529,0.222140,0.204409,0.187720,0.196026,0.175433,0.194318,0.161987,0.171060,0.194642,0.162583,0.199458,0.184703,0.205190,0.182509
352.000000,46.000000,663.000000,-0.119473,8.190933,4.789562,0.191675,0.189304,0.175941,0.172880,0.179774,0.167188,0.170877,0.195841,0.179141,0.180198,0.177027,0.177560,0.158315,0.166662,0.203476,0.201365,0.187967,0.203878,0.202596,0.187155,0.208357,0.207876,0.162265,0.218798
352.000000,47.000000,696.000000,7.437980,5.604142,2.253800,0.229373,0.235426,0.227296,0.221130,0.238019,0.216846,0.217871,0.242697,0.211787,0.224614,0.225487,0.247432,0.190029,0.204511,0.191101,0.200120,0.164279,0.164385,0.198491,0.146303,0.168085,0.160649,0.212509,0.194580
352.000000,47.000000,726.000000,6.920028,5.740941,2.044010,0.222128,0.225178,0.240885,0.200200,0.229887,0.231942,0.222298,0.244398,0.204924,0.217202,0.206819,0.248636,0.198035,0.205714,0.202391,0.201820,0.165026,0.164109,0.187516,0.141106,0.159402,0.151973,0.225509,0.191808
352.000000,47.000000,756.000000,7.744886,5.235989,2.311858,0.246349,0.247268,0.246864,0.225386,0.254008,0.233933,0.207909,0.264995,0.224241,0.229919,0.218628,0.271980,0.198267,0.226437,0.201946,0.204436,0.174497,0.166929,0.187424,0.145443,0.157282,0.159404,0.206494,0.212008
352.000000,47.000000,786.000000,7.849185,5.155013,2.377520,0.237258,0.250357,0.245355,0.234252,0.244639,0.208100,0.200655,0.251258,0.213222,0.229423,0.223339,0.263128,0.192935,0.218925,0.191994,0.182653,0.167939,0.166383,0.176858,0.154548,0.150313,0.159525,0.210354,0.206249
352.000000,47.000000,816.000000,1.802233,9.355744,3.171700,0.179992,0.185180,0.169134,0.169842,0.172140,0.177887,0.183569,0.181567,0.175541,0.178723,0.186156,0.173356,0.171553,0.166932,0.183196,0.191399,0.164015,0.194030,0.180840,0.140884,0.185801,0.178201,0.181715,0.203540
352.000000,47.000000,846.000000,2.847627,8.325775,3.393193,0.188694,0.192389,0.202255,0.170583,0.183107,0.200739,0.202187,0.192625,0.186249,0.190527,0.197493,0.194404,0.167085,0.185219,0.184093,0.183348,0.165055,0.183289,0.185275,0.153156,0.179198,0.165131,0.179682,0.200042
352.000000,47.000000,876.000000,6.982663,6.087616,1.190103,0.197015,0.217800,0.195347,0.207328,0.187968,0.225817,0.208213,0.242074,0.196259,0.211486,0.204055,0.215208,0.159039,0.181983,0.179159,0.173571,0.172045,0.171612,0.180728,0.130795,0.150747,0.155136,0.215412,0.173166
352.000000,5.000000,200.000000,1.314546,9.473678,3.861626,0.161810,0.166032,0.170827,0.156022,0.154654,0.163929,0.179671,0.177022,0.166013,0.173052,0.180466,0.169720,0.153969,0.146855,0.194812,0.194523,0.160440,0.171565,0.191072,0.138985,0.184876,0.186230,0.155526,0.193885
352.000000,50.000000,774.000000,7.061213,6.126045,2.410514,0.268650,0.275899,0.253560,0.262568,0.262991,0.252967,0.245589,0.282143,0.230620,0.240619,0.226789,0.253991,0.217683,0.219146,0.212293,0.203400,0.196147,0.192046,0.209731,0.163272,0.171376,0.192554,0.239236,0.210650
352.000000,51.000000,783.000000,0.258616,8.694856,4.394282,0.173433,0.178822,0.165083,0.170597,0.168877,0.166041,0.168674,0.189987,0.172562,0.171109,0.161398,0.163148,0.128567,0.141472,0.203190,0.196081,0.195930,0.177878,0.203059,0.170450,0.198836,0.204592,0.160756,0.194452
352.000000,52.000000,792.000000,-0.650308,8.615351,4.200712,0.172552,0.165418,0.149252,0.158634,0.147465,0.142782,0.140101,0.177377,0.165757,0.170030,0.164105,0.149011,0.121165,0.140585,0.181676,0.175636,0.184442,0.178467,0.194089,0.185500,0.218886,0.212025,0.150498,0.185528
352.000000,53.000000,801.000000,7.336788,6.305405,2.866293,0.263443,0.275626,0.249857,0.272570,0.256686,0.249370,0.236287,0.276130,0.233286,0.238537,0.235898,0.254189,0.220335,0.228041,0.205920,0.202923,0.186884,0.186806,0.209940,0.157964,0.176272,0.186134,0.240255,0.195513
352.000000,53.000000,831.000000,7.046265,6.142609,1.048516,0.221022,0.246521,0.227267,0.243039,0.220045,0.232609,0.216296,0.261890,0.207961,0.221368,0.217415,0.243706,0.176379,0.195127,0.184783,0.180393,0.169562,0.170249,0.199169,0.139224,0.158543,0.161151,0.233114,0.173893
352.000000,54.000000,801.000000,1.387006,9.061353,3.793426,0.193308,0.186692,0.174306,0.165652,0.167334,0.177929,0.172251,0.182703,0.173994,0.182393,0.169541,0.182333,0.150131,0.166736,0.201918,0.182376,0.184937,0.184472,0.183351,0.172565,0.168491,0.192756,0.160171,0.195544
352.000000,54.000000,831.000000,0.521602,8.826139,3.160082,0.141556,0.158876,0.131837,0.141196,0.119894,0.145788,0.136064,0.168954,0.136855,0.160592,0.151472,0.135481,0.133955,0.121897,0.179007,0.153044,0.134929,0.164174,0.166079,0.133597,0.133706,0.189757,0.165776,0.145687
352.000000,54.000000,861.000000,2.432924,8.003305,2.054751,0.182243,0.199831,0.164622,0.188399,0.175109,0.190223,0.189418,0.197388,0.170588,0.187671,0.184497,0.161675,0.168713,0.161445,0.199189,0.202296,0.154429,0.181114,0.175598,0.140494,0.162669,0.180278,0.190207,0.169789
352.000000,55.000000,804.000000,7.363402,5.899534,2.079736,0.243986,0.242169,0.236051,0.229343,0.241902,0.225372,0.226592,0.241721,0.215220,0.224786,0.222649,0.242795,0.189492,0.228105,0.199821,0.200581,0.169171,0.177461,0.175774,0.144576,0.150744,0.160738,0.231962,0.202892
352.000000,55.000000,834.000000,0.103422,7.656124,5.375594,0.204018,0.170158,0.187402,0.175908,0.187747,0.151980,0.155587,0.154417,0.167622,0.177797,0.192458,0.166823,0.152210,0.163293,0.173847,0.205671,0.159782,0.172069,0.187248,0.184162,0.191163,0.181639,0.173035,0.200866
352.000000,57.000000,847.000000,0.020416,7.581902,5.385664,0.185300,0.158733,0.164727,0.168062,0.161925,0.127869,0.130129,0.142475,0.161057,0.165081,0.176788,0.143387,0.137964,0.145929,0.154549,0.185121,0.152861,0.165708,0.175080,0.183209,0.190170,0.179483,0.152677,0.196891
352.000000,57.000000,877.000000,0.181283,7.629943,5.427514,0.181954,0.167390,0.181651,0.164692,0.165404,0.133645,0.141379,0.140149,0.142365,0.161532,0.161922,0.148618,0.115283,0.129767,0.173306,0.177174,0.148681,0.175822,0.158954,0.151729,0.153355,0.151249,0.156408,0.208322
352.000000,58.000000,859.000000,5.215518,7.717091,1.923693,0.205726,0.211003,0.221971,0.195616,0.207552,0.223358,0.226187,0.219326,0.192169,0.203192,0.201266,0.228321,0.184483,0.197785,0.205570,0.199334,0.182650,0.188699,0.195183,0.138399,0.163300,0.166910,0.210034,0.207241
352.000000,58.000000,889.000000,2.548420,7.934659,3.917451,0.222633,0.207549,0.206282,0.185489,0.196679,0.192312,0.194779,0.212954,0.192585,0.200864,0.187428,0.206644,0.184746,0.185852,0.206991,0.218877,0.187155,0.183423,0.193217,0.185772,0.191280,0.189279,0.181211,0.223084
352.000000,59.000000,885.000000,3.395698,7.834563,2.100411,0.158512,0.180668,0.147057,0.177893,0.154241,0.172876,0.147474,0.202426,0.160242,0.164868,0.168271,0.159175,0.111094,0.137365,0.155391,0.155387,0.150134,0.164410,0.154324,0.119841,0.145452,0.150767,0.186391,0.154069
352.000000,6.000000,203.000000,7.145076,5.286258,2.358222,0.251701,0.245193,0.255694,0.231508,0.235824,0.228728,0.242084,0.252160,0.221913,0.238486,0.222091,0.258226,0.211403,0.220066,0.200844,0.195685,0.186453,0.177548,0.215925,0.170935,0.173181,0.174918,0.223544,0.213616
352.000000,6.000000,233.000000,5.584193,5.941764,3.496003,0.204136,0.194791,0.191156,0.195954,0.180947,0.181592,0.165588,0.204632,0.189536,0.200005,0.193601,0.188329,0.156624,0.167359,0.146372,0.166294,0.145329,0.149682,0.179387,0.146760,0.162667,0.163124,0.182607,0.159652
352.000000,60.000000,1006.000000,2.405684,7.961137,1.958611,0.177731,0.191111,0.164182,0.184019,0.167629,0.179368,0.170366,0.205479,0.172093,0.186179,0.175907,0.156699,0.171326,0.159637,0.186665,0.178101,0.140671,0.172312,0.180425,0.150974,0.161780,0.183931,0.176860,0.156919
352.000000,60.000000,1036.000000,2.355026,8.176895,2.228566,0.185785,0.202780,0.174729,0.178435,0.163645,0.199250,0.196179,0.211695,0.176298,0.192346,0.180783,0.184188,0.154947,0.176462,0.206644,0.212158,0.163102,0.175448,0.191898,0.149720,0.164379,0.189328,0.182893,0.175476
352.000000,60.000000,1066.000000,6.848413,6.027342,2.298876,0.253361,0.265410,0.247867,0.222502,0.241894,0.238818,0.220259,0.278321,0.218910,0.228412,0.215775,0.246723,0.207134,0.230030,0.217013,0.195412,0.222575,0.205768,0.207632,0.163413,0.155797,0.183521,0.229873,0.196477
352.000000,60.000000,1096.000000,2.468929,8.281558,2.208633,0.207174,0.219014,0.207562,0.194675,0.197804,0.213673,0.210771,0.210657,0.195041,0.195293,0.185318,0.206119,0.179546,0.188084,0.212314,0.194981,0.189162,0.210352,0.184893,0.151790,0.178200,0.200495,0.198200,0.190722
352.000000,60.000000,886.000000,2.312274,8.204935,2.211791,0.173064,0.186175,0.164561,0.154284,0.156447,0.176018,0.189610,0.208439,0.162380,0.177319,0.169783,0.162090,0.150597,0.160672,0.186919,0.187145,0.145873,0.160007,0.161972,0.129566,0.152090,0.173930,0.169365,0.156845
352.000000,60.000000,916.000000,2.401053,7.953305,1.955221,0.196726,0.210678,0.181360,0.198982,0.185383,0.216176,0.202472,0.222432,0.188865,0.199655,0.188954,0.178551,0.189982,0.179901,0.201385,0.197925,0.144694,0.179122,0.189334,0.142768,0.167277,0.188981,0.206454,0.154474
352.000000,60.000000,946.000000,2.401519,7.932139,1.977911,0.187967,0.206929,0.166038,0.197403,0.177214,0.181983,0.168627,0.219201,0.174487,0.184287,0.183701,0.166076,0.172256,0.165225,0.181463,0.176015,0.138749,0.171567,0.178603,0.144416,0.160425,0.184484,0.185566,0.154240
352.000000,60.000000,976.000000,2.399640,7.976880,1.972838,0.177002,0.200611,0.158679,0.186277,0.176713,0.196742,0.177961,0.213840,0.173155,0.184975,0.179405,0.163136,0.173294,0.165759,0.196252,0.201554,0.151719,0.175311,0.174220,0.133795,0.151389,0.189455,0.199073,0.155887
352.000000,61.000000,1015.000000,5.088844,8.816547,2.013382,0.192168,0.209246,0.191729,0.180809,0.177917,0.219835,0.208200,0.228518,0.176032,0.202538,0.199198,0.205200,0.175274,0.175740,0.182090,0.195133,0.160103,0.173646,0.189911,0.135496,0.168420,0.172561,0.210230,0.190775
352.000000,61.000000,1045.000000,1.382614,9.467483,3.877409,0.188922,0.191733,0.203669,0.167821,0.180214,0.208832,0.190669,0.189867,0.182915,0.190878,0.182105,0.194906,0.156391,0.173522,0.207831,0.195472,0.196448,0.180820,0.205796,0.169873,0.182684,0.185429,0.175650,0.212258
352.000000,61.000000,895.000000,7.165927,6.007042,1.797610,0.224249,0.241200,0.215133,0.241318,0.228152,0.228276,0.215844,0.231797,0.206746,0.209295,0.210170,0.236387,0.171822,0.204431,0.194817,0.191834,0.170511,0.174021,0.170311,0.124551,0.149469,0.165135,0.218503,0.178756
352.000000,61.000000,925.000000,5.261269,8.176016,1.477125,0.192823,0.182918,0.194987,0.181727,0.180973,0.198234,0.204264,0.173134,0.172166,0.194186,0.199762,0.187174,0.149978,0.168776,0.153021,0.153949,0.133087,0.159839,0.157132,0.126199,0.130265,0.137264,0.201967,0.182633
352.000000,61.000000,955.000000,5.238247,7.834604,1.875484,0.207691,0.203037,0.208130,0.190009,0.203401,0.196538,0.190706,0.205643,0.198185,0.197408,0.196479,0.210895,0.170355,0.189428,0.194381,0.188779,0.170095,0.175145,0.182802,0.151494,0.166774,0.169202,0.215628,0.199580
352.000000,61.000000,985.000000,5.204860,7.642539,1.941021,0.215534,0.211877,0.217610,0.199527,0.204788,0.234992,0.221166,0.228117,0.203675,0.208467,0.200429,0.235098,0.192159,0.198445,0.207284,0.216276,0.182288,0.186623,0.197579,0.160217,0.172270,0.169635,0.208762,0.204438
352.000000,65.000000,910.000000,6.998621,6.009400,1.481721,0.197396,0.215841,0.193318,0.208982,0.187047,0.216363,0.191627,0.221200,0.192829,0.199268,0.194782,0.216180,0.160335,0.178577,0.181551,0.183188,0.162834,0.164797,0.166767,0.122927,0.145811,0.149821,0.205441,0.172042
352.000000,72.000000,945.000000,-0.194544,7.404471,4.166784,0.151038,0.149635,0.131703,0.151206,0.138022,0.137055,0.127971,0.170690,0.161497,0.168584,0.157012,0.148236,0.145177,0.145075,0.170589,0.171450,0.161538,0.193480,0.179558,0.158516,0.180745,0.189385,0.177290,0.164886
352.000000,75.000000,958.000000,7.140808,5.066066,4.413116,0.233757,0.231278,0.218594,0.247642,0.232687,0.202956,0.178193,0.219418,0.206176,0.210114,0.230167,0.226670,0.203211,0.203784,0.180557,0.182341,0.173021,0.181612,0.191824,0.177263,0.175729,0.175658,0.212189,0.201854
352.000000,79.000000,1011.000000,7.279413,5.218203,4.314011,0.251963,0.231139,0.241983,0.245064,0.246061,0.178034,0.184632,0.220919,0.206975,0.214379,0.217526,0.243211,0.193204,0.203762,0.184544,0.198407,0.166172,0.177170,0.177490,0.179482,0.168205,0.173914,0.210649,0.210931
352.000000,8.000000,220.000000,1.287246,9.564952,3.921064,0.173856,0.164699,0.193748,0.151616,0.156896,0.173695,0.174982,0.175640,0.170053,0.187321,0.174000,0.181899,0.169077,0.158406,0.204767,0.214070,0.175197,0.172665,0.210403,0.163562,0.183938,0.168550,0.162459,0.212839
352.000000,80.000000,1018.000000,7.284796,5.179519,4.309080,0.239071,0.220099,0.237179,0.224150,0.235648,0.172974,0.177193,0.211641,0.193792,0.210201,0.200702,0.252765,0.183535,0.196567,0.166062,0.185153,0.152647,0.173040,0.160873,0.170679,0.157735,0.158997,0.197949,0.195642
352.000000,81.000000,1024.000000,7.003119,6.125216,0.946137,0.223799,0.249935,0.219848,0.240763,0.223524,0.240254,0.220988,0.267154,0.212841,0.224100,0.215072,0.243075,0.184664,0.201682,0.176397,0.165077,0.176510,0.169928,0.184187,0.131258,0.150215,0.157176,0.231014,0.174379
352.000000,83.000000,1061.000000,4.900273,5.662821,4.077368,0.202190,0.224745,0.183364,0.202434,0.206250,0.182314,0.163494,0.222226,0.191342,0.207331,0.226352,0.208875,0.195228,0.188906,0.187768,0.201535,0.172438,0.172824,0.178793,0.165835,0.167306,0.184855,0.189829,0.193532
352.000000,83.000000,1091.000000,7.556725,5.394212,4.204095,0.228425,0.226498,0.214810,0.224480,0.229242,0.186999,0.182432,0.216235,0.197442,0.206752,0.228266,0.225690,0.191357,0.194176,0.175429,0.179490,0.156130,0.158208,0.175747,0.163642,0.153557,0.164474,0.210373,0.176083
352.000000,83.000000,1121.000000,7.401310,5.864999,2.220092,0.228268,0.223593,0.211001,0.216508,0.219091,0.211911,0.199609,0.226689,0.203201,0.214190,0.209050,0.212772,0.186946,0.196155,0.182036,0.195584,0.151558,0.150686,0.178389,0.146761,0.144587,0.158115,0.219069,0.193357
352.000000,84.000000,1110.000000,6.443542,6.604069,3.088451,0.246953,0.270691,0.208161,0.233338,0.243720,0.234397,0.205409,0.268481,0.215033,0.219505,0.211048,0.226447,0.199000,0.203268,0.201248,0.186628,0.185033,0.183117,0.211377,0.168293,0.166167,0.188022,0.226392,0.208415
352.000000,84.000000,1140.000000,-0.428816,8.687971,4.135463,0.150646,0.151404,0.140516,0.139481,0.120753,0.128983,0.132215,0.153841,0.149641,0.168307,0.155785,0.147624,0.103690,0.128293,0.173534,0.177349,0.165081,0.168622,0.189189,0.142670,0.189172,0.187061,0.139238,0.161005
352.000000,85.000000,1143.000000,5.379473,7.986737,2.035740,0.214835,0.212340,0.201544,0.208069,0.194447,0.201915,0.205898,0.219703,0.201568,0.206834,0.207280,0.209747,0.165215,0.196010,0.185269,0.201390,0.171018,0.169550,0.187085,0.136849,0.161932,0.180119,0.208619,0.175452
352.000000,85.000000,1173.000000,7.237739,5.980594,2.124990,0.198711,0.206698,0.194136,0.216960,0.199540,0.179140,0.167681,0.203061,0.194724,0.189352,0.205076,0.203839,0.181969,0.185948,0.185584,0.184948,0.167015,0.169636,0.186947,0.133836,0.143466,0.148449,0.222756,0.175787
352.000000,85.000000,1203.000000,6.790322,5.830001,1.968285,0.221939,0.232346,0.234968,0.219963,0.220131,0.235977,0.218828,0.247456,0.216150,0.222937,0.221241,0.243203,0.205721,0.216125,0.204758,0.208883,0.186047,0.177590,0.204607,0.143909,0.168406,0.168915,0.234389,0.195231
352.000000,85.000000,1233.000000,7.125816,5.489080,3.905193,0.249691,0.246156,0.241000,0.245647,0.251543,0.217257,0.216627,0.242831,0.225679,0.225016,0.217600,0.241946,0.197769,0.224419,0.204866,0.213351,0.187126,0.186318,0.192168,0.168340,0.179523,0.184540,0.222039,0.204765
352.000000,86.000000,1143.000000,8.844886,8.598412,2.904691,0.242027,0.241236,0.222893,0.230084,0.226743,0.253339,0.252268,0.248773,0.212120,0.246498,0.226048,0.230594,0.198310,0.207914,0.179459,0.165537,0.168289,0.175315,0.211208,0.120654,0.135233,0.166492,0.243387,0.183958
352.000000,89.000000,1161.000000,2.295427,8.247465,2.239009,0.172500,0.182351,0.164567,0.161248,0.158153,0.183592,0.176557,0.192694,0.172073,0.177888,0.170195,0.181038,0.158446,0.162386,0.189974,0.177692,0.140280,0.175645,0.171185,0.132797,0.150264,0.186819,0.172936,0.169716
352.000000,9.000000,223.000000,6.939005,5.484459,2.585308,0.249653,0.246072,0.242277,0.248536,0.229220,0.212317,0.232274,0.244426,0.211121,0.225033,0.221902,0.247813,0.211565,0.210581,0.192969,0.195257,0.187656,0.176516,0.213904,0.166630,0.178797,0.175907,0.236164,0.206981
352.000000,9.000000,253.000000,7.343358,5.231285,2.458077,0.270567,0.248991,0.267695,0.230853,0.235453,0.216740,0.238126,0.259765,0.213082,0.230325,0.216771,0.246848,0.212826,0.209284,0.198774,0.194462,0.183408,0.174034,0.213830,0.181733,0.168979,0.166898,0.215413,0.212324
352.000000,9.000000,283.000000,7.721132,5.399154,2.707564,0.257357,0.239649,0.258513,0.234165,0.235462,0.205226,0.219782,0.238278,0.214139,0.219466,0.224409,0.240073,0.212095,0.205141,0.184181,0.177732,0.161055,0.166280,0.196925,0.169537,0.158486,0.153650,0.202418,0.199766
352.000000,9.000000,313.000000,7.247050,5.162588,3.872857,0.258384,0.234575,0.243036,0.227517,0.233863,0.200351,0.197526,0.244639,0.215445,0.221892,0.216005,0.250917,0.206839,0.221827,0.188990,0.183540,0.164996,0.171747,0.203097,0.178520,0.157066,0.156743,0.188846,0.201879
352.000000,9.000000,343.000000,9.601369,4.997334,4.831984,0.248060,0.253388,0.242192,0.264671,0.262807,0.204919,0.182305,0.243879,0.222792,0.218364,0.243247,0.254508,0.209962,0.212847,0.175319,0.176086,0.153659,0.164309,0.177623,0.167008,0.158499,0.159729,0.213118,0.190211
352.000000,9.000000,373.000000,7.249576,5.218275,4.256220,0.250492,0.243822,0.238548,0.244431,0.245912,0.206051,0.197524,0.240535,0.214873,0.227675,0.231692,0.247071,0.202298,0.214249,0.187687,0.192495,0.174796,0.175987,0.193991,0.182343,0.171503,0.168245,0.203277,0.204324
352.000000,9.000000,403.000000,6.097274,5.366834,4.144491,0.234451,0.241831,0.214830,0.241619,0.233236,0.197320,0.189834,0.239270,0.207867,0.205594,0.215836,0.218397,0.185545,0.194202,0.193753,0.188840,0.175406,0.184399,0.196828,0.170702,0.181970,0.183214,0.199064,0.216132
352.000000,9.000000,433.000000,6.938245,5.101522,4.147844,0.255340,0.241914,0.247541,0.235626,0.237963,0.212555,0.214144,0.232528,0.212963,0.214939,0.220851,0.236206,0.209782,0.214399,0.198485,0.194555,0.175780,0.182896,0.198444,0.183100,0.176215,0.177976,0.203873,0.220612
352.000000,90.000000,1171.000000,6.996430,6.094026,1.094058,0.230304,0.253154,0.215924,0.228230,0.213995,0.244259,0.215980,0.267936,0.213121,0.221977,0.209521,0.239334,0.177582,0.198155,0.188602,0.176785,0.180044,0.179004,0.187586,0.134821,0.144800,0.159975,0.221902,0.196197
352.000000,90.000000,1201.000000,6.996758,6.108536,0.974187,0.223211,0.244889,0.222119,0.228809,0.214199,0.220893,0.193210,0.248644,0.203475,0.207949,0.214562,0.244633,0.187930,0.196856,0.173089,0.158706,0.164140,0.159052,0.182779,0.136412,0.147230,0.151168,0.205479,0.158406
352.000000,90.000000,1231.000000,7.517814,5.660173,2.347784,0.240566,0.236680,0.238032,0.236097,0.229700,0.226540,0.209430,0.243983,0.225867,0.230460,0.230020,0.251284,0.189957,0.221400,0.187789,0.203110,0.188225,0.171105,0.187522,0.157692,0.165826,0.163924,0.220707,0.187551
352.000000,91.000000,1176.000000,4.080067,8.627532,1.941744,0.210581,0.219101,0.209611,0.193511,0.197144,0.239571,0.233495,0.226772,0.213101,0.212209,0.202124,0.213478,0.181915,0.209541,0.222746,0.224739,0.191239,0.188907,0.188060,0.139910,0.173445,0.192744,0.219089,0.207432
352.000000,91.000000,1206.000000,5.005932,8.191788,1.469279,0.212823,0.222650,0.206844,0.207213,0.205072,0.228235,0.232677,0.227056,0.212543,0.213456,0.208884,0.211012,0.185504,0.195988,0.191348,0.178586,0.164291,0.173020,0.172241,0.143854,0.165097,0.193906,0.216793,0.180868
352.000000,91.000000,1236.000000,3.980011,8.611230,1.958977,0.204374,0.197659,0.200380,0.182323,0.191555,0.220226,0.216758,0.202963,0.196565,0.201872,0.191336,0.204995,0.174113,0.195745,0.205918,0.212879,0.174383,0.183628,0.182108,0.160137,0.179385,0.190840,0.200268,0.204662
352.000000,92.000000,1190.000000,-0.251942,7.524273,4.113537,0.150363,0.145168,0.132855,0.134275,0.121587,0.136020,0.120073,0.170099,0.137977,0.157001,0.140836,0.140881,0.129596,0.130371,0.169175,0.150858,0.112140,0.172140,0.156384,0.155400,0.157485,0.194122,0.146815,0.160847
352.000000,95.000000,1253.000000,5.274993,8.004151,1.754636,0.231698,0.229626,0.220628,0.209040,0.217749,0.220828,0.224305,0.237666,0.210737,0.226467,0.218310,0.224718,0.192492,0.209558,0.192242,0.191788,0.174367,0.185741,0.183304,0.158445,0.174622,0.187375,0.229027,0.210594
352.000000,96.000000,1253.000000,8.811104,8.502954,2.874350,0.268723,0.272763,0.252579,0.263223,0.264624,0.272411,0.251322,0.260178,0.242557,0.244448,0.240469,0.248966,0.220145,0.231638,0.212278,0.198443,0.182431,0.179246,0.189029,0.149501,0.148802,0.186002,0.240469,0.184805
352.000000,96.000000,1283.000000,7.793921,8.884661,2.280596,0.203389,0.208939,0.200544,0.205040,0.217720,0.226453,0.218169,0.219516,0.190636,0.192668,0.186440,0.203255,0.178592,0.198185,0.183206,0.183491,0.146166,0.148344,0.149666,0.119282,0.125747,0.163214,0.233322,0.151151
352.000000,97.000000,1257.000000,8.876108,8.586624,2.915794,0.263574,0.280951,0.241550,0.255389,0.250247,0.263327,0.242680,0.267853,0.218912,0.231770,0.213111,0.246016,0.207509,0.215919,0.200777,0.179007,0.174113,0.174143,0.212425,0.132823,0.138379,0.175724,0.241076,0.185053
352.000000,98.000000,1262.000000,0.034447,7.616784,5.451705,0.177659,0.148324,0.154939,0.159390,0.155208,0.149460,0.134717,0.122331,0.153306,0.155989,0.163342,0.138411,0.129017,0.135575,0.157759,0.189425,0.159129,0.173502,0.173025,0.188073,0.192740,0.183107,0.161911,0.187476
